x,time,y,z,x_coords,y_coords
0.0821018062397372,0.0,3.1262798634812285,1.5384615384615383,0,8.0
0.0821018062397372,0.0013966480446927,3.0716723549488054,1.5384615384615383,0,7.997207678883072
0.0755336617405583,0.0027932960893854,3.098976109215017,1.5384615384615383,0,7.994415357766143
0.0755336617405583,0.0041899441340782,3.0170648464163823,1.435897435897436,0,7.991623036649215
0.0788177339901477,0.0055865921787709,3.0716723549488054,1.641025641025641,0,7.988830715532286
0.0821018062397372,0.0069832402234636,3.0034129692832763,1.435897435897436,0,7.986038394415358
0.0755336617405583,0.0083798882681564,2.9761092150170647,1.5384615384615383,0,7.983246073298429
0.0788177339901477,0.0097765363128491,2.962457337883959,1.641025641025641,0,7.980453752181501
0.0788177339901477,0.0111731843575419,2.962457337883959,1.5384615384615383,0,7.977661431064573
0.0722495894909688,0.0125698324022346,2.89419795221843,1.641025641025641,0,7.974869109947644
0.0722495894909688,0.0139664804469273,2.9215017064846416,1.5384615384615383,0,7.972076788830716
0.0755336617405583,0.0153631284916201,2.907849829351536,1.641025641025641,0,7.969284467713787
0.0722495894909688,0.0167597765363128,2.907849829351536,1.5384615384615383,0,7.966492146596859
0.0755336617405583,0.0181564245810055,2.8668941979522184,1.641025641025641,0,7.96369982547993
0.0722495894909688,0.0195530726256983,2.825938566552901,1.641025641025641,0,7.960907504363002
0.0689655172413793,0.020949720670391,2.839590443686007,1.5384615384615383,0,7.958115183246074
0.0722495894909688,0.0223463687150838,2.8532423208191124,1.641025641025641,0,7.955322862129145
0.0689655172413793,0.0237430167597765,2.7986348122866893,1.5384615384615383,0,7.952530541012217
0.0722495894909688,0.0251396648044692,2.7849829351535837,1.7435897435897436,0,7.949738219895288
0.0623973727422003,0.026536312849162,2.8122866894197953,1.5384615384615383,0,7.94694589877836
0.0689655172413793,0.0279329608938547,2.7986348122866893,1.7435897435897436,0,7.944153577661431
0.0689655172413793,0.0293296089385474,2.7849829351535837,1.7435897435897436,0,7.941361256544503
0.0623973727422003,0.0307262569832402,2.7849829351535837,1.7435897435897436,0,7.938568935427575
0.0656814449917898,0.0321229050279329,2.7713310580204777,1.641025641025641,0,7.935776614310646
0.0623973727422003,0.0335195530726257,2.8122866894197953,1.7435897435897436,0,7.932984293193718
0.0656814449917898,0.0349162011173184,2.839590443686007,1.641025641025641,0,7.930191972076789
0.0656814449917898,0.0363128491620111,2.839590443686007,1.641025641025641,0,7.9273996509598605
0.0656814449917898,0.0377094972067039,2.839590443686007,1.641025641025641,0,7.924607329842932
0.0755336617405583,0.0391061452513966,2.9215017064846416,1.641025641025641,0,7.9218150087260035
0.0722495894909688,0.0405027932960893,2.9351535836177476,1.641025641025641,0,7.9190226876090755
0.0722495894909688,0.0418994413407821,2.9761092150170647,1.5384615384615383,0,7.916230366492147
0.0591133004926108,0.0432960893854748,2.9761092150170647,1.641025641025641,0,7.913438045375218
0.0755336617405583,0.0446927374301676,3.0580204778157,1.7435897435897436,0,7.9106457242582895
0.0788177339901477,0.0460893854748603,3.112627986348123,1.641025641025641,0,7.907853403141361
0.0788177339901477,0.047486033519553,3.1262798634812285,1.435897435897436,0,7.905061082024432
0.0788177339901477,0.0488826815642458,3.1808873720136517,1.641025641025641,0,7.902268760907504
0.0755336617405583,0.0502793296089385,3.1808873720136517,1.3333333333333333,0,7.899476439790576
0.0821018062397372,0.0516759776536312,3.1945392491467577,1.5384615384615383,0,7.896684118673647
0.0821018062397372,0.053072625698324,3.2218430034129693,1.641025641025641,0,7.893891797556719
0.0821018062397372,0.0544692737430167,3.2764505119453924,1.5384615384615383,0,7.89109947643979
0.0853858784893267,0.0558659217877095,3.262798634812287,1.5384615384615383,0,7.888307155322862
0.0821018062397372,0.0572625698324022,3.1808873720136517,1.5384615384615383,0,7.885514834205933
0.0788177339901477,0.0586592178770949,3.2081911262798637,1.5384615384615383,0,7.882722513089005
0.0886699507389162,0.0600558659217877,3.2354948805460753,1.5384615384615383,0,7.879930191972077
0.0821018062397372,0.0614525139664804,3.1945392491467577,1.641025641025641,0,7.877137870855148
0.0821018062397372,0.0628491620111731,3.1808873720136517,1.435897435897436,0,7.87434554973822
0.0788177339901477,0.0642458100558659,3.167235494880546,1.435897435897436,0,7.871553228621291
0.0821018062397372,0.0656424581005586,3.1262798634812285,1.641025641025641,0,7.868760907504363
0.0821018062397372,0.0670391061452514,3.1399317406143346,1.435897435897436,0,7.865968586387434
0.0886699507389162,0.0684357541899441,3.1399317406143346,1.641025641025641,0,7.863176265270506
0.0853858784893267,0.0698324022346368,3.112627986348123,1.3333333333333333,0,7.860383944153577
0.0788177339901477,0.0712290502793296,3.112627986348123,1.435897435897436,0,7.857591623036649
0.0853858784893267,0.0726256983240223,3.0853242320819114,1.5384615384615383,0,7.854799301919721
0.0788177339901477,0.074022346368715,3.098976109215017,1.5384615384615383,0,7.852006980802792
0.0853858784893267,0.0754189944134078,3.1262798634812285,1.5384615384615383,0,7.849214659685864
0.0821018062397372,0.0768156424581005,3.1262798634812285,1.641025641025641,0,7.846422338568935
0.0821018062397372,0.0782122905027933,3.112627986348123,1.435897435897436,0,7.843630017452007
0.0853858784893267,0.079608938547486,3.1262798634812285,1.5384615384615383,0,7.840837696335079
0.0821018062397372,0.0810055865921787,3.1399317406143346,1.435897435897436,0,7.83804537521815
0.0821018062397372,0.0824022346368715,3.0716723549488054,1.641025641025641,0,7.835253054101222
0.0788177339901477,0.0837988826815642,3.1262798634812285,1.2307692307692308,0,7.832460732984293
0.0853858784893267,0.0851955307262569,3.098976109215017,1.641025641025641,0,7.829668411867365
0.0821018062397372,0.0865921787709497,3.1399317406143346,1.5384615384615383,0,7.826876090750436
0.0755336617405583,0.0879888268156424,3.112627986348123,1.5384615384615383,0,7.824083769633508
0.0853858784893267,0.0893854748603352,3.112627986348123,1.5384615384615383,0,7.821291448516579
0.0821018062397372,0.0907821229050279,3.1262798634812285,1.5384615384615383,0,7.818499127399651
0.0853858784893267,0.0921787709497206,3.112627986348123,1.641025641025641,0,7.815706806282723
0.0821018062397372,0.0935754189944134,3.1399317406143346,1.641025641025641,0,7.812914485165794
0.0821018062397372,0.0949720670391061,3.098976109215017,1.5384615384615383,0,7.810122164048866
0.0788177339901477,0.0963687150837988,3.098976109215017,1.641025641025641,0,7.807329842931937
0.0755336617405583,0.0977653631284916,3.0853242320819114,1.435897435897436,0,7.804537521815009
0.0755336617405583,0.0991620111731843,3.098976109215017,1.435897435897436,0,7.80174520069808
0.0788177339901477,0.100558659217877,3.0716723549488054,1.435897435897436,0,7.798952879581152
0.0755336617405583,0.1019553072625698,3.0580204778157,1.7435897435897436,0,7.796160558464224
0.0788177339901477,0.1033519553072625,3.044368600682594,1.435897435897436,0,7.793368237347295
0.0788177339901477,0.1047486033519553,3.0853242320819114,1.641025641025641,0,7.790575916230367
0.0788177339901477,0.106145251396648,3.0716723549488054,1.7435897435897436,0,7.787783595113438
0.0755336617405583,0.1075418994413407,3.0716723549488054,1.7435897435897436,0,7.78499127399651
0.0755336617405583,0.1089385474860335,3.0716723549488054,1.8461538461538465,0,7.782198952879581
0.0788177339901477,0.1103351955307262,3.0716723549488054,1.7435897435897436,0,7.779406631762653
0.0755336617405583,0.111731843575419,3.0853242320819114,1.641025641025641,0,7.776614310645725
0.0755336617405583,0.1131284916201117,3.098976109215017,1.7435897435897436,0,7.773821989528796
0.0788177339901477,0.1145251396648044,3.0853242320819114,1.7435897435897436,0,7.771029668411868
0.0755336617405583,0.1159217877094972,3.0853242320819114,1.7435897435897436,0,7.768237347294939
0.0788177339901477,0.1173184357541899,3.044368600682594,1.641025641025641,0,7.765445026178011
0.0722495894909688,0.1187150837988826,3.0580204778157,1.435897435897436,0,7.762652705061082
0.0755336617405583,0.1201117318435754,3.044368600682594,1.5384615384615383,0,7.759860383944154
0.0755336617405583,0.1215083798882681,3.098976109215017,1.641025641025641,0,7.7570680628272255
0.0788177339901477,0.1229050279329608,3.098976109215017,1.641025641025641,0,7.754275741710296
0.0755336617405583,0.1243016759776536,3.044368600682594,1.641025641025641,0,7.751483420593368
0.0755336617405583,0.1256983240223463,3.098976109215017,1.641025641025641,0,7.74869109947644
0.0755336617405583,0.1270949720670391,3.098976109215017,1.7435897435897436,0,7.745898778359512
0.0722495894909688,0.1284916201117318,3.0853242320819114,1.7435897435897436,0,7.7431064572425825
0.0722495894909688,0.1298882681564246,3.0716723549488054,1.641025641025641,0,7.740314136125654
0.0788177339901477,0.1312849162011173,3.0580204778157,1.5384615384615383,0,7.737521815008726
0.0722495894909688,0.13268156424581,3.0716723549488054,1.8461538461538465,0,7.734729493891797
0.0722495894909688,0.1340782122905028,3.0716723549488054,1.641025641025641,0,7.731937172774869
0.0755336617405583,0.1354748603351955,3.044368600682594,1.641025641025641,0,7.72914485165794
0.0755336617405583,0.1368715083798882,3.0580204778157,1.7435897435897436,0,7.726352530541012
0.0689655172413793,0.138268156424581,3.0716723549488054,1.641025641025641,0,7.723560209424083
0.0722495894909688,0.1396648044692737,3.044368600682594,1.641025641025641,0,7.720767888307155
0.0755336617405583,0.1410614525139664,3.044368600682594,1.7435897435897436,0,7.717975567190227
0.0722495894909688,0.1424581005586592,3.0580204778157,1.5384615384615383,0,7.715183246073298
0.0788177339901477,0.1438547486033519,3.0580204778157,1.7435897435897436,0,7.71239092495637
0.0722495894909688,0.1452513966480447,3.0580204778157,1.641025641025641,0,7.709598603839441
0.0755336617405583,0.1466480446927374,3.0580204778157,1.7435897435897436,0,7.706806282722513
0.0755336617405583,0.1480446927374301,3.030716723549488,1.5384615384615383,0,7.704013961605584
0.0788177339901477,0.1494413407821229,3.044368600682594,1.5384615384615383,0,7.701221640488656
0.0755336617405583,0.1508379888268156,3.0170648464163823,1.641025641025641,0,7.698429319371728
0.0755336617405583,0.1522346368715084,3.0580204778157,1.641025641025641,0,7.695636998254799
0.0755336617405583,0.1536312849162011,3.044368600682594,1.641025641025641,0,7.692844677137871
0.0755336617405583,0.1550279329608938,3.044368600682594,1.7435897435897436,0,7.690052356020942
0.0722495894909688,0.1564245810055866,3.0580204778157,1.641025641025641,0,7.687260034904014
0.0722495894909688,0.1578212290502793,3.0580204778157,1.641025641025641,0,7.684467713787085
0.0689655172413793,0.159217877094972,3.0716723549488054,1.7435897435897436,0,7.681675392670157
0.0755336617405583,0.1606145251396648,3.0580204778157,1.7435897435897436,0,7.678883071553229
0.0722495894909688,0.1620111731843575,3.030716723549488,1.5384615384615383,0,7.6760907504363
0.0722495894909688,0.1634078212290502,3.030716723549488,1.7435897435897436,0,7.673298429319372
0.0755336617405583,0.164804469273743,3.0580204778157,1.641025641025641,0,7.670506108202443
0.0689655172413793,0.1662011173184357,3.030716723549488,1.7435897435897436,0,7.667713787085515
0.0722495894909688,0.1675977653631284,3.044368600682594,1.7435897435897436,0,7.664921465968586
0.0656814449917898,0.1689944134078212,3.044368600682594,1.7435897435897436,0,7.662129144851658
0.0689655172413793,0.1703910614525139,3.044368600682594,1.8461538461538465,0,7.65933682373473
0.0689655172413793,0.1717877094972067,3.0034129692832763,1.641025641025641,0,7.656544502617801
0.0722495894909688,0.1731843575418994,3.0170648464163823,1.8461538461538465,0,7.653752181500873
0.0689655172413793,0.1745810055865921,2.9761092150170647,1.641025641025641,0,7.650959860383944
0.0656814449917898,0.1759776536312849,2.9761092150170647,1.641025641025641,0,7.648167539267016
0.0689655172413793,0.1773743016759776,2.9761092150170647,1.641025641025641,0,7.645375218150087
0.0623973727422003,0.1787709497206704,2.9351535836177476,1.7435897435897436,0,7.642582897033159
0.0656814449917898,0.1801675977653631,2.962457337883959,1.8461538461538465,0,7.63979057591623
0.0591133004926108,0.1815642458100558,2.9351535836177476,1.8461538461538465,0,7.636998254799302
0.0623973727422003,0.1829608938547486,2.948805460750853,1.7435897435897436,0,7.634205933682374
0.0591133004926108,0.1843575418994413,2.9215017064846416,1.8461538461538465,0,7.631413612565445
0.0623973727422003,0.1857541899441341,2.9215017064846416,1.8461538461538465,0,7.628621291448517
0.0558292282430213,0.1871508379888268,2.89419795221843,1.948717948717949,0,7.625828970331588
0.0591133004926108,0.1885474860335195,2.839590443686007,1.8461538461538465,0,7.62303664921466
0.0591133004926108,0.1899441340782123,2.839590443686007,1.8461538461538465,0,7.620244328097732
0.0525451559934318,0.191340782122905,2.8532423208191124,1.948717948717949,0,7.617452006980803
0.0558292282430213,0.1927374301675977,2.825938566552901,1.8461538461538465,0,7.614659685863875
0.0558292282430213,0.1941340782122904,2.825938566552901,1.948717948717949,0,7.611867364746946
0.0558292282430213,0.1955307262569832,2.7986348122866893,1.948717948717949,0,7.609075043630018
0.0492610837438423,0.1969273743016759,2.7986348122866893,2.051282051282051,0,7.606282722513089
0.0558292282430213,0.1983240223463687,2.7986348122866893,1.948717948717949,0,7.603490401396161
0.0492610837438423,0.1997206703910614,2.7849829351535837,1.948717948717949,0,7.600698080279232
0.0492610837438423,0.2011173184357541,2.7849829351535837,1.948717948717949,0,7.597905759162304
0.0525451559934318,0.2025139664804469,2.7713310580204777,1.8461538461538465,0,7.595113438045376
0.0525451559934318,0.2039106145251396,2.757679180887372,2.051282051282051,0,7.592321116928447
0.0525451559934318,0.2053072625698324,2.757679180887372,1.7435897435897436,0,7.5895287958115185
0.0492610837438423,0.2067039106145251,2.7713310580204777,1.948717948717949,0,7.58673647469459
0.0525451559934318,0.2081005586592178,2.757679180887372,1.8461538461538465,0,7.583944153577661
0.0558292282430213,0.2094972067039106,2.7303754266211606,1.948717948717949,0,7.581151832460733
0.0459770114942528,0.2108938547486033,2.757679180887372,2.051282051282051,0,7.5783595113438045
0.0525451559934318,0.2122905027932961,2.744027303754266,1.7435897435897436,0,7.575567190226876
0.0525451559934318,0.2136871508379888,2.7303754266211606,1.7435897435897436,0,7.5727748691099475
0.0558292282430213,0.2150837988826815,2.744027303754266,1.8461538461538465,0,7.569982547993019
0.0558292282430213,0.2164804469273743,2.7030716723549486,1.948717948717949,0,7.56719022687609
0.0558292282430213,0.217877094972067,2.744027303754266,1.948717948717949,0,7.564397905759162
0.0426929392446633,0.2192737430167597,2.7030716723549486,1.8461538461538465,0,7.561605584642233
0.0591133004926108,0.2206703910614525,2.7303754266211606,1.7435897435897436,0,7.558813263525305
0.0525451559934318,0.2220670391061452,2.7030716723549486,1.948717948717949,0,7.556020942408377
0.0525451559934318,0.223463687150838,2.7303754266211606,1.5384615384615383,0,7.553228621291448
0.0558292282430213,0.2248603351955307,2.689419795221843,1.948717948717949,0,7.55043630017452
0.0492610837438423,0.2262569832402234,2.6621160409556315,1.7435897435897436,0,7.547643979057591
0.0525451559934318,0.2276536312849161,2.6621160409556315,1.7435897435897436,0,7.544851657940663
0.0558292282430213,0.2290502793296089,2.6484641638225255,1.8461538461538465,0,7.542059336823735
0.0558292282430213,0.2304469273743016,2.63481228668942,1.8461538461538465,0,7.539267015706806
0.0525451559934318,0.2318435754189944,2.5938566552901023,1.641025641025641,0,7.536474694589878
0.0591133004926108,0.2332402234636871,2.5938566552901023,1.8461538461538465,0,7.533682373472949
0.0591133004926108,0.2346368715083798,2.5665529010238908,1.7435897435897436,0,7.530890052356021
0.0591133004926108,0.2360335195530726,2.5938566552901023,1.8461538461538465,0,7.528097731239092
0.0558292282430213,0.2374301675977653,2.580204778156997,1.7435897435897436,0,7.525305410122164
0.0623973727422003,0.238826815642458,2.580204778156997,1.7435897435897436,0,7.522513089005235
0.0591133004926108,0.2402234636871508,2.6075085324232083,1.641025641025641,0,7.519720767888307
0.0591133004926108,0.2416201117318435,2.63481228668942,1.7435897435897436,0,7.516928446771379
0.0623973727422003,0.2430167597765363,2.6484641638225255,1.7435897435897436,0,7.51413612565445
0.0689655172413793,0.244413407821229,2.6621160409556315,1.5384615384615383,0,7.511343804537522
0.0689655172413793,0.2458100558659217,2.6621160409556315,1.5384615384615383,0,7.508551483420593
0.0689655172413793,0.2472067039106145,2.689419795221843,1.641025641025641,0,7.505759162303665
0.0755336617405583,0.2486033519553072,2.7167235494880546,1.641025641025641,0,7.502966841186736
0.0722495894909688,0.25,2.689419795221843,1.5384615384615383,0,7.500174520069808
0.0722495894909688,0.2513966480446927,2.7167235494880546,1.641025641025641,0,7.49738219895288
0.0755336617405583,0.2527932960893855,2.7167235494880546,1.5384615384615383,0,7.494589877835951
0.0755336617405583,0.2541899441340782,2.7713310580204777,1.435897435897436,0,7.491797556719023
0.0722495894909688,0.2555865921787709,2.7713310580204777,1.435897435897436,0,7.489005235602094
0.0755336617405583,0.2569832402234637,2.7849829351535837,1.5384615384615383,0,7.486212914485166
0.0788177339901477,0.2583798882681564,2.7849829351535837,1.435897435897436,0,7.483420593368237
0.0755336617405583,0.2597765363128492,2.8122866894197953,1.5384615384615383,0,7.480628272251309
0.0788177339901477,0.2611731843575419,2.8122866894197953,1.435897435897436,0,7.477835951134381
0.0788177339901477,0.2625698324022346,2.8122866894197953,1.435897435897436,0,7.475043630017452
0.0788177339901477,0.2639664804469273,2.839590443686007,1.435897435897436,0,7.472251308900524
0.0821018062397372,0.2653631284916201,2.839590443686007,1.5384615384615383,0,7.469458987783595
0.0853858784893267,0.2667597765363128,2.8668941979522184,1.435897435897436,0,7.466666666666667
0.0755336617405583,0.2681564245810056,2.8668941979522184,1.3333333333333333,0,7.463874345549738
0.0755336617405583,0.2695530726256983,2.8532423208191124,1.5384615384615383,0,7.46108202443281
0.0853858784893267,0.270949720670391,2.8668941979522184,1.435897435897436,0,7.458289703315882
0.0853858784893267,0.2723463687150838,2.8805460750853245,1.435897435897436,0,7.455497382198953
0.0853858784893267,0.2737430167597765,2.8805460750853245,1.435897435897436,0,7.452705061082025
0.0853858784893267,0.2751396648044693,2.907849829351536,1.3333333333333333,0,7.449912739965096
0.0853858784893267,0.276536312849162,2.907849829351536,1.5384615384615383,0,7.447120418848168
0.0853858784893267,0.2779329608938547,2.962457337883959,1.3333333333333333,0,7.444328097731239
0.0886699507389162,0.2793296089385474,2.9351535836177476,1.435897435897436,0,7.441535776614311
0.0886699507389162,0.2807262569832401,3.0034129692832763,1.435897435897436,0,7.438743455497383
0.0886699507389162,0.2821229050279329,3.0170648464163823,1.435897435897436,0,7.435951134380454
0.0886699507389162,0.2835195530726256,3.0170648464163823,1.5384615384615383,0,7.433158813263526
0.0919540229885057,0.2849162011173184,3.0580204778157,1.5384615384615383,0,7.430366492146597
0.0853858784893267,0.2863128491620111,3.0716723549488054,1.5384615384615383,0,7.4275741710296685
0.0886699507389162,0.2877094972067039,3.0716723549488054,1.5384615384615383,0,7.42478184991274
0.0853858784893267,0.2891061452513966,3.112627986348123,1.435897435897436,0,7.4219895287958115
0.0821018062397372,0.2905027932960894,3.1262798634812285,1.435897435897436,0,7.419197207678883
0.0886699507389162,0.2918994413407821,3.1399317406143346,1.435897435897436,0,7.416404886561955
0.0886699507389162,0.2932960893854748,3.1945392491467577,1.5384615384615383,0,7.413612565445027
0.0886699507389162,0.2946927374301675,3.167235494880546,1.435897435897436,0,7.4108202443280975
0.0886699507389162,0.2960893854748603,3.2354948805460753,1.641025641025641,0,7.408027923211169
0.0821018062397372,0.297486033519553,3.2354948805460753,1.641025641025641,0,7.40523560209424
0.0886699507389162,0.2988826815642458,3.2764505119453924,1.641025641025641,0,7.402443280977312
0.0853858784893267,0.3002793296089385,3.303754266211604,1.641025641025641,0,7.399650959860384
0.0886699507389162,0.3016759776536313,3.3310580204778155,1.641025641025641,0,7.396858638743455
0.0886699507389162,0.303072625698324,3.358361774744027,1.5384615384615383,0,7.394066317626527
0.0821018062397372,0.3044692737430168,3.385665529010239,1.641025641025641,0,7.391273996509598
0.0886699507389162,0.3058659217877095,3.426621160409556,1.7435897435897436,0,7.38848167539267
0.0853858784893267,0.3072625698324022,3.453924914675768,1.7435897435897436,0,7.385689354275741
0.0853858784893267,0.3086592178770949,3.453924914675768,1.7435897435897436,0,7.382897033158813
0.0853858784893267,0.3100558659217877,3.4402730375426622,1.641025641025641,0,7.380104712041884
0.0853858784893267,0.3114525139664804,3.4812286689419794,1.7435897435897436,0,7.377312390924956
0.0853858784893267,0.3128491620111732,3.508532423208191,1.8461538461538465,0,7.374520069808028
0.0821018062397372,0.3142458100558659,3.508532423208191,1.641025641025641,0,7.371727748691099
0.0853858784893267,0.3156424581005586,3.535836177474403,1.7435897435897436,0,7.368935427574171
0.0788177339901477,0.3170391061452514,3.5494880546075085,1.641025641025641,0,7.366143106457242
0.0821018062397372,0.3184357541899441,3.57679180887372,1.8461538461538465,0,7.363350785340314
0.0853858784893267,0.3198324022346369,3.631399317406143,1.7435897435897436,0,7.360558464223386
0.0853858784893267,0.3212290502793296,3.6177474402730376,1.8461538461538465,0,7.357766143106457
0.0853858784893267,0.3226256983240223,3.590443686006826,1.8461538461538465,0,7.354973821989529
0.0886699507389162,0.3240223463687151,3.6723549488054608,1.7435897435897436,0,7.3521815008726
0.0853858784893267,0.3254189944134078,3.6723549488054608,1.8461538461538465,0,7.349389179755672
0.0755336617405583,0.3268156424581005,3.631399317406143,1.8461538461538465,0,7.346596858638743
0.0788177339901477,0.3282122905027933,3.645051194539249,1.948717948717949,0,7.343804537521815
0.0788177339901477,0.329608938547486,3.658703071672355,1.948717948717949,0,7.341012216404886
0.0821018062397372,0.3310055865921787,3.6177474402730376,1.8461538461538465,0,7.338219895287958
0.0821018062397372,0.3324022346368714,3.645051194539249,1.948717948717949,0,7.33542757417103
0.0755336617405583,0.3337988826815642,3.590443686006826,1.8461538461538465,0,7.332635253054101
0.0689655172413793,0.3351955307262569,3.6177474402730376,2.051282051282051,0,7.329842931937173
0.0722495894909688,0.3365921787709497,3.6177474402730376,2.051282051282051,0,7.327050610820244
0.0755336617405583,0.3379888268156424,3.604095563139931,2.051282051282051,0,7.324258289703316
0.0722495894909688,0.3393854748603352,3.604095563139931,2.1538461538461537,0,7.321465968586388
0.0689655172413793,0.3407821229050279,3.57679180887372,2.051282051282051,0,7.318673647469459
0.0656814449917898,0.3421787709497207,3.508532423208191,2.1538461538461537,0,7.315881326352531
0.0623973727422003,0.3435754189944134,3.467576791808874,2.1538461538461537,0,7.313089005235602
0.0558292282430213,0.3449720670391061,3.4402730375426622,2.1538461538461537,0,7.310296684118674
0.0558292282430213,0.3463687150837988,3.385665529010239,2.358974358974359,0,7.307504363001745
0.0525451559934318,0.3477653631284916,3.3447098976109215,2.358974358974359,0,7.304712041884817
0.0426929392446633,0.3491620111731843,3.31740614334471,2.358974358974359,0,7.301919720767888
0.0492610837438423,0.350558659217877,3.303754266211604,2.358974358974359,0,7.29912739965096
0.0459770114942528,0.3519553072625698,3.249146757679181,2.4615384615384617,0,7.296335078534032
0.0394088669950738,0.3533519553072625,3.2901023890784984,2.4615384615384617,0,7.293542757417103
0.0426929392446633,0.3547486033519553,3.262798634812287,2.358974358974359,0,7.290750436300175
0.0361247947454844,0.356145251396648,3.249146757679181,2.4615384615384617,0,7.287958115183246
0.0361247947454844,0.3575418994413408,3.2354948805460753,2.6666666666666665,0,7.285165794066318
0.0361247947454844,0.3589385474860335,3.2764505119453924,2.769230769230769,0,7.28237347294939
0.0361247947454844,0.3603351955307262,3.2764505119453924,2.5641025641025643,0,7.279581151832461
0.0328407224958949,0.361731843575419,3.249146757679181,2.769230769230769,0,7.276788830715533
0.0262725779967159,0.3631284916201117,3.2354948805460753,2.6666666666666665,0,7.273996509598604
0.0262725779967159,0.3645251396648044,3.2081911262798637,2.6666666666666665,0,7.271204188481676
0.0295566502463054,0.3659217877094972,3.2218430034129693,2.871794871794872,0,7.268411867364747
0.0295566502463054,0.3673184357541899,3.1808873720136517,2.769230769230769,0,7.265619546247819
0.0295566502463054,0.3687150837988827,3.2218430034129693,2.871794871794872,0,7.26282722513089
0.0262725779967159,0.3701117318435754,3.2354948805460753,2.769230769230769,0,7.260034904013962
0.0295566502463054,0.3715083798882682,3.2764505119453924,2.769230769230769,0,7.2572425828970335
0.0295566502463054,0.3729050279329609,3.31740614334471,2.871794871794872,0,7.254450261780104
0.0328407224958949,0.3743016759776536,3.303754266211604,2.769230769230769,0,7.251657940663176
0.0328407224958949,0.3756983240223464,3.358361774744027,2.6666666666666665,0,7.248865619546248
0.0262725779967159,0.3770949720670391,3.385665529010239,2.769230769230769,0,7.24607329842932
0.0361247947454844,0.3784916201117318,3.4129692832764507,2.769230769230769,0,7.243280977312391
0.0361247947454844,0.3798882681564246,3.453924914675768,2.6666666666666665,0,7.2404886561954624
0.0394088669950738,0.3812849162011173,3.494880546075086,2.769230769230769,0,7.237696335078534
0.0394088669950738,0.38268156424581,3.508532423208191,2.5641025641025643,0,7.234904013961605
0.0394088669950738,0.3840782122905027,3.535836177474403,2.4615384615384617,0,7.232111692844677
0.0426929392446633,0.3854748603351955,3.604095563139931,2.6666666666666665,0,7.229319371727748
0.0459770114942528,0.3868715083798882,3.631399317406143,2.6666666666666665,0,7.22652705061082
0.0394088669950738,0.3882681564245809,3.604095563139931,2.5641025641025643,0,7.223734729493891
0.0492610837438423,0.3896648044692737,3.6723549488054608,2.4615384615384617,0,7.220942408376963
0.0525451559934318,0.3910614525139664,3.699658703071672,2.5641025641025643,0,7.218150087260035
0.0492610837438423,0.3924581005586592,3.74061433447099,2.6666666666666665,0,7.215357766143106
0.0525451559934318,0.3938547486033519,3.7679180887372015,2.4615384615384617,0,7.212565445026178
0.0525451559934318,0.3952513966480447,3.781569965870307,2.5641025641025643,0,7.209773123909249
0.0525451559934318,0.3966480446927374,3.8088737201365186,2.4615384615384617,0,7.206980802792321
0.0558292282430213,0.3980446927374301,3.863481228668942,2.4615384615384617,0,7.204188481675393
0.0623973727422003,0.3994413407821229,3.8907849829351537,2.5641025641025643,0,7.201396160558464
0.0623973727422003,0.4008379888268156,3.8907849829351537,2.4615384615384617,0,7.198603839441536
0.0623973727422003,0.4022346368715083,3.9590443686006824,2.4615384615384617,0,7.195811518324607
0.0623973727422003,0.4036312849162011,3.972696245733789,2.2564102564102564,0,7.193019197207679
0.0656814449917898,0.4050279329608938,3.972696245733789,2.4615384615384617,0,7.19022687609075
0.0656814449917898,0.4064245810055866,3.972696245733789,2.4615384615384617,0,7.187434554973822
0.0656814449917898,0.4078212290502793,3.931740614334471,2.358974358974359,0,7.184642233856893
0.0623973727422003,0.4092178770949721,3.972696245733789,2.1538461538461537,0,7.181849912739965
0.0689655172413793,0.4106145251396648,3.931740614334471,2.2564102564102564,0,7.179057591623037
0.0722495894909688,0.4120111731843575,3.9590443686006824,2.2564102564102564,0,7.176265270506108
0.0722495894909688,0.4134078212290503,3.986348122866894,2.1538461538461537,0,7.17347294938918
0.0722495894909688,0.414804469273743,4.0,2.2564102564102564,0,7.170680628272251
0.0755336617405583,0.4162011173184357,4.0,2.2564102564102564,0,7.167888307155323
0.0755336617405583,0.4175977653631285,3.986348122866894,2.358974358974359,0,7.165095986038394
0.0722495894909688,0.4189944134078212,3.986348122866894,2.2564102564102564,0,7.162303664921466
0.0788177339901477,0.4203910614525139,3.986348122866894,2.2564102564102564,0,7.159511343804538
0.0755336617405583,0.4217877094972067,3.972696245733789,2.2564102564102564,0,7.156719022687609
0.0722495894909688,0.4231843575418994,3.9044368600682593,2.2564102564102564,0,7.153926701570681
0.0722495894909688,0.4245810055865922,3.9044368600682593,2.2564102564102564,0,7.151134380453752
0.0788177339901477,0.4259776536312848,3.877133105802048,2.1538461538461537,0,7.148342059336824
0.0755336617405583,0.4273743016759777,3.8907849829351537,2.1538461538461537,0,7.145549738219895
0.0788177339901477,0.4287709497206703,3.877133105802048,2.1538461538461537,0,7.142757417102967
0.0788177339901477,0.4301675977653631,3.877133105802048,2.1538461538461537,0,7.139965095986039
0.0821018062397372,0.4315642458100558,3.8907849829351537,2.2564102564102564,0,7.13717277486911
0.0788177339901477,0.4329608938547486,3.8907849829351537,2.1538461538461537,0,7.134380453752182
0.0821018062397372,0.4343575418994413,3.877133105802048,2.051282051282051,0,7.131588132635253
0.0821018062397372,0.435754189944134,3.849829351535836,2.1538461538461537,0,7.128795811518325
0.0755336617405583,0.4371508379888268,3.849829351535836,1.948717948717949,0,7.126003490401396
0.0853858784893267,0.4385474860335195,3.849829351535836,2.051282051282051,0,7.123211169284468
0.0821018062397372,0.4399441340782122,3.863481228668942,2.051282051282051,0,7.120418848167539
0.0853858784893267,0.441340782122905,3.8907849829351537,2.051282051282051,0,7.117626527050611
0.0821018062397372,0.4427374301675977,3.8907849829351537,1.7435897435897436,0,7.114834205933683
0.0886699507389162,0.4441340782122905,3.8907849829351537,2.051282051282051,0,7.112041884816754
0.0853858784893267,0.4455307262569832,3.9044368600682593,2.051282051282051,0,7.109249563699826
0.0853858784893267,0.446927374301676,3.9044368600682593,1.948717948717949,0,7.106457242582897
0.0886699507389162,0.4483240223463687,3.9590443686006824,2.1538461538461537,0,7.103664921465969
0.0919540229885057,0.4497206703910614,3.972696245733789,2.051282051282051,0,7.1008726003490406
0.0853858784893267,0.4511173184357542,3.9590443686006824,1.8461538461538465,0,7.098080279232112
0.0919540229885057,0.4525139664804469,3.931740614334471,2.051282051282051,0,7.0952879581151835
0.0821018062397372,0.4539106145251396,3.986348122866894,2.051282051282051,0,7.092495636998255
0.0821018062397372,0.4553072625698323,3.9590443686006824,1.948717948717949,0,7.0897033158813265
0.0886699507389162,0.4567039106145251,3.945392491467577,1.948717948717949,0,7.086910994764398
0.0821018062397372,0.4581005586592178,3.945392491467577,1.7435897435897436,0,7.0841186736474695
0.0919540229885057,0.4594972067039106,3.9180887372013657,1.8461538461538465,0,7.0813263525305405
0.0821018062397372,0.4608938547486033,3.931740614334471,2.051282051282051,0,7.0785340314136125
0.0886699507389162,0.4622905027932961,3.8907849829351537,1.8461538461538465,0,7.075741710296684
0.0853858784893267,0.4636871508379888,3.8907849829351537,1.7435897435897436,0,7.0729493891797555
0.0886699507389162,0.4650837988826816,3.877133105802048,1.948717948717949,0,7.070157068062827
0.0886699507389162,0.4664804469273743,3.863481228668942,2.051282051282051,0,7.0673647469458984
0.0853858784893267,0.467877094972067,3.877133105802048,2.1538461538461537,0,7.06457242582897
0.0821018062397372,0.4692737430167597,3.8088737201365186,1.948717948717949,0,7.061780104712042
0.0821018062397372,0.4706703910614525,3.781569965870307,2.051282051282051,0,7.058987783595113
0.0853858784893267,0.4720670391061452,3.781569965870307,2.051282051282051,0,7.056195462478185
0.0853858784893267,0.473463687150838,3.8088737201365186,1.948717948717949,0,7.053403141361256
0.0788177339901477,0.4748603351955307,3.795221843003413,1.948717948717949,0,7.050610820244328
0.0853858784893267,0.4762569832402235,3.754266211604095,1.948717948717949,0,7.047818499127399
0.0853858784893267,0.4776536312849161,3.795221843003413,1.7435897435897436,0,7.045026178010471
0.0853858784893267,0.479050279329609,3.754266211604095,2.051282051282051,0,7.042233856893542
0.0821018062397372,0.4804469273743016,3.7679180887372015,1.948717948717949,0,7.039441535776614
0.0919540229885057,0.4818435754189944,3.7133105802047783,1.948717948717949,0,7.036649214659686
0.0886699507389162,0.4832402234636871,3.726962457337884,1.8461538461538465,0,7.033856893542757
0.0886699507389162,0.4846368715083799,3.699658703071672,1.8461538461538465,0,7.031064572425829
0.0886699507389162,0.4860335195530726,3.699658703071672,1.7435897435897436,0,7.0282722513089
0.0886699507389162,0.4874301675977653,3.658703071672355,1.8461538461538465,0,7.025479930191972
0.0886699507389162,0.4888268156424581,3.6860068259385663,1.8461538461538465,0,7.022687609075044
0.0919540229885057,0.4902234636871508,3.6723549488054608,1.7435897435897436,0,7.019895287958115
0.0853858784893267,0.4916201117318435,3.631399317406143,1.8461538461538465,0,7.017102966841187
0.0886699507389162,0.4930167597765362,3.6723549488054608,1.8461538461538465,0,7.014310645724258
0.0952380952380952,0.494413407821229,3.6177474402730376,1.641025641025641,0,7.01151832460733
0.0919540229885057,0.4958100558659217,3.631399317406143,1.7435897435897436,0,7.008726003490401
0.0952380952380952,0.4972067039106145,3.604095563139931,1.8461538461538465,0,7.005933682373473
0.0952380952380952,0.4986033519553072,3.5631399317406145,1.5384615384615383,0,7.003141361256544
0.0952380952380952,0.5,3.5494880546075085,1.7435897435897436,0,7.000349040139616
0.0952380952380952,0.5013966480446927,3.535836177474403,1.641025641025641,0,6.997556719022688
0.0952380952380952,0.5027932960893855,3.467576791808874,1.7435897435897436,0,6.994764397905759
0.0952380952380952,0.5041899441340781,3.4402730375426622,1.3333333333333333,0,6.991972076788831
0.0919540229885057,0.505586592178771,3.4129692832764507,1.7435897435897436,0,6.989179755671902
0.0952380952380952,0.5069832402234636,3.385665529010239,1.7435897435897436,0,6.986387434554974
0.0853858784893267,0.5083798882681564,3.372013651877133,1.5384615384615383,0,6.983595113438046
0.0919540229885057,0.5097765363128491,3.262798634812287,1.7435897435897436,0,6.980802792321117
0.0821018062397372,0.5111731843575419,3.31740614334471,1.7435897435897436,0,6.978010471204188
0.0886699507389162,0.5125698324022346,3.303754266211604,1.435897435897436,0,6.97521815008726
0.0886699507389162,0.5139664804469274,3.262798634812287,1.641025641025641,0,6.972425828970332
0.0886699507389162,0.5153631284916201,3.2218430034129693,1.7435897435897436,0,6.969633507853403
0.0821018062397372,0.5167597765363129,3.2081911262798637,1.7435897435897436,0,6.966841186736475
0.0853858784893267,0.5181564245810055,3.2081911262798637,1.641025641025641,0,6.964048865619546
0.0853858784893267,0.5195530726256984,3.1945392491467577,1.7435897435897436,0,6.961256544502618
0.0821018062397372,0.520949720670391,3.15358361774744,1.5384615384615383,0,6.95846422338569
0.0821018062397372,0.5223463687150838,3.167235494880546,1.641025641025641,0,6.955671902268761
0.0853858784893267,0.5237430167597765,3.167235494880546,1.7435897435897436,0,6.952879581151833
0.0821018062397372,0.5251396648044693,3.167235494880546,1.7435897435897436,0,6.950087260034904
0.0821018062397372,0.526536312849162,3.1399317406143346,1.7435897435897436,0,6.947294938917976
0.0821018062397372,0.5279329608938547,3.1808873720136517,1.641025641025641,0,6.944502617801048
0.0821018062397372,0.5293296089385475,3.167235494880546,1.8461538461538465,0,6.941710296684119
0.0821018062397372,0.5307262569832402,3.167235494880546,1.641025641025641,0,6.93891797556719
0.0821018062397372,0.5321229050279329,3.167235494880546,1.8461538461538465,0,6.936125654450262
0.0853858784893267,0.5335195530726257,3.2081911262798637,1.5384615384615383,0,6.933333333333334
0.0853858784893267,0.5349162011173184,3.1945392491467577,1.7435897435897436,0,6.930541012216405
0.0821018062397372,0.5363128491620112,3.1808873720136517,1.7435897435897436,0,6.9277486910994766
0.0853858784893267,0.5377094972067039,3.098976109215017,1.7435897435897436,0,6.924956369982548
0.0886699507389162,0.5391061452513967,3.15358361774744,1.7435897435897436,0,6.9221640488656195
0.0886699507389162,0.5405027932960894,3.1399317406143346,1.641025641025641,0,6.9193717277486915
0.0919540229885057,0.541899441340782,3.1399317406143346,1.5384615384615383,0,6.9165794066317625
0.0886699507389162,0.5432960893854749,3.112627986348123,1.5384615384615383,0,6.9137870855148345
0.0919540229885057,0.5446927374301676,3.1399317406143346,1.5384615384615383,0,6.9109947643979055
0.0919540229885057,0.5460893854748603,3.15358361774744,1.5384615384615383,0,6.908202443280977
0.0985221674876847,0.547486033519553,3.167235494880546,1.641025641025641,0,6.905410122164049
0.0985221674876847,0.5488826815642458,3.1262798634812285,1.2307692307692308,0,6.90261780104712
0.1018062397372742,0.5502793296089385,3.15358361774744,1.435897435897436,0,6.8998254799301915
0.1083743842364532,0.5516759776536313,3.167235494880546,1.5384615384615383,0,6.897033158813263
0.1050903119868637,0.553072625698324,3.1808873720136517,1.435897435897436,0,6.894240837696335
0.1116584564860427,0.5544692737430168,3.1808873720136517,1.435897435897436,0,6.891448516579406
0.1083743842364532,0.5558659217877094,3.1808873720136517,1.3333333333333333,0,6.888656195462478
0.1116584564860427,0.5572625698324023,3.167235494880546,1.3333333333333333,0,6.885863874345549
0.1182266009852216,0.5586592178770949,3.167235494880546,1.3333333333333333,0,6.883071553228621
0.1149425287356321,0.5600558659217877,3.1945392491467577,1.2307692307692308,0,6.880279232111693
0.1116584564860427,0.5614525139664803,3.1945392491467577,1.3333333333333333,0,6.877486910994764
0.1215106732348111,0.5628491620111732,3.2081911262798637,0.9230769230769232,0,6.874694589877836
0.1215106732348111,0.5642458100558659,3.2218430034129693,1.0256410256410255,0,6.871902268760907
0.1215106732348111,0.5656424581005586,3.2354948805460753,1.2307692307692308,0,6.869109947643979
0.1247947454844006,0.5670391061452513,3.2218430034129693,1.2307692307692308,0,6.866317626527051
0.1280788177339901,0.5684357541899442,3.1808873720136517,1.1282051282051282,0,6.863525305410122
0.1149425287356321,0.5698324022346368,3.2354948805460753,1.1282051282051282,0,6.860732984293193
0.1313628899835796,0.5712290502793296,3.262798634812287,1.0256410256410255,0,6.857940663176265
0.1313628899835796,0.5726256983240223,3.2764505119453924,1.1282051282051282,0,6.855148342059337
0.1313628899835796,0.5740223463687151,3.2764505119453924,1.2307692307692308,0,6.852356020942408
0.1313628899835796,0.5754189944134078,3.2901023890784984,1.1282051282051282,0,6.84956369982548
0.1346469622331691,0.5768156424581006,3.2764505119453924,1.0256410256410255,0,6.846771378708551
0.1346469622331691,0.5782122905027932,3.2764505119453924,0.9230769230769232,0,6.843979057591623
0.1346469622331691,0.5796089385474861,3.262798634812287,1.2307692307692308,0,6.841186736474695
0.1346469622331691,0.5810055865921788,3.249146757679181,1.1282051282051282,0,6.838394415357766
0.1346469622331691,0.5824022346368715,3.249146757679181,0.9230769230769232,0,6.835602094240838
0.1313628899835796,0.5837988826815642,3.262798634812287,1.0256410256410255,0,6.832809773123909
0.1346469622331691,0.5851955307262571,3.249146757679181,1.1282051282051282,0,6.830017452006981
0.1346469622331691,0.5865921787709497,3.249146757679181,1.0256410256410255,0,6.827225130890053
0.1313628899835796,0.5879888268156425,3.249146757679181,1.0256410256410255,0,6.824432809773124
0.1313628899835796,0.5893854748603351,3.2764505119453924,1.2307692307692308,0,6.821640488656195
0.1313628899835796,0.590782122905028,3.249146757679181,1.1282051282051282,0,6.818848167539267
0.1215106732348111,0.5921787709497207,3.262798634812287,1.2307692307692308,0,6.816055846422339
0.1149425287356321,0.5935754189944134,3.1945392491467577,1.2307692307692308,0,6.81326352530541
0.1280788177339901,0.5949720670391061,3.2081911262798637,1.2307692307692308,0,6.810471204188482
0.1215106732348111,0.5963687150837989,3.167235494880546,1.3333333333333333,0,6.807678883071553
0.1215106732348111,0.5977653631284916,3.2081911262798637,1.2307692307692308,0,6.804886561954625
0.1149425287356321,0.5991620111731844,3.2218430034129693,1.2307692307692308,0,6.802094240837697
0.1116584564860427,0.6005586592178771,3.1808873720136517,1.2307692307692308,0,6.799301919720768
0.1116584564860427,0.6019553072625697,3.2081911262798637,1.3333333333333333,0,6.79650959860384
0.1083743842364532,0.6033519553072626,3.2218430034129693,1.435897435897436,0,6.793717277486911
0.1116584564860427,0.6047486033519553,3.2218430034129693,1.3333333333333333,0,6.790924956369983
0.1083743842364532,0.606145251396648,3.2218430034129693,1.435897435897436,0,6.788132635253054
0.1018062397372742,0.6075418994413407,3.2218430034129693,1.5384615384615383,0,6.785340314136126
0.1018062397372742,0.6089385474860336,3.2081911262798637,1.435897435897436,0,6.782547993019197
0.1018062397372742,0.6103351955307262,3.2081911262798637,1.435897435897436,0,6.779755671902269
0.0985221674876847,0.611731843575419,3.2081911262798637,1.2307692307692308,0,6.776963350785341
0.0952380952380952,0.6131284916201116,3.1945392491467577,1.641025641025641,0,6.774171029668412
0.0952380952380952,0.6145251396648045,3.2081911262798637,1.5384615384615383,0,6.771378708551484
0.0886699507389162,0.6159217877094972,3.2081911262798637,1.7435897435897436,0,6.768586387434555
0.0919540229885057,0.6173184357541899,3.2081911262798637,1.641025641025641,0,6.765794066317627
0.0886699507389162,0.6187150837988826,3.249146757679181,1.641025641025641,0,6.7630017452006985
0.0886699507389162,0.6201117318435755,3.2354948805460753,1.7435897435897436,0,6.76020942408377
0.0886699507389162,0.6215083798882681,3.2764505119453924,1.8461538461538465,0,6.7574171029668415
0.0821018062397372,0.6229050279329609,3.2764505119453924,1.7435897435897436,0,6.7546247818499126
0.0853858784893267,0.6243016759776536,3.3310580204778155,1.8461538461538465,0,6.7518324607329845
0.0788177339901477,0.6256983240223464,3.3310580204778155,1.7435897435897436,0,6.7490401396160555
0.0788177339901477,0.6270949720670391,3.31740614334471,1.948717948717949,0,6.7462478184991275
0.0788177339901477,0.6284916201117319,3.31740614334471,1.8461538461538465,0,6.7434554973821985
0.0722495894909688,0.6298882681564245,3.2901023890784984,1.948717948717949,0,6.7406631762652705
0.0689655172413793,0.6312849162011173,3.262798634812287,1.948717948717949,0,6.737870855148342
0.0689655172413793,0.6326815642458101,3.2081911262798637,1.948717948717949,0,6.735078534031413
0.0689655172413793,0.6340782122905028,3.15358361774744,1.948717948717949,0,6.732286212914485
0.0656814449917898,0.6354748603351955,3.15358361774744,2.051282051282051,0,6.729493891797556
0.0623973727422003,0.6368715083798882,3.0853242320819114,2.051282051282051,0,6.726701570680628
0.0591133004926108,0.638268156424581,3.0580204778157,2.1538461538461537,0,6.7239092495637
0.0525451559934318,0.6396648044692738,2.9761092150170647,2.051282051282051,0,6.721116928446771
0.0558292282430213,0.6410614525139664,2.962457337883959,2.1538461538461537,0,6.718324607329842
0.0492610837438423,0.6424581005586592,2.9215017064846416,1.948717948717949,0,6.715532286212914
0.0492610837438423,0.643854748603352,2.8532423208191124,2.1538461538461537,0,6.712739965095986
0.0426929392446633,0.6452513966480447,2.839590443686007,2.1538461538461537,0,6.709947643979057
0.0426929392446633,0.6466480446927374,2.7849829351535837,2.1538461538461537,0,6.707155322862129
0.0459770114942528,0.6480446927374302,2.744027303754266,2.2564102564102564,0,6.7043630017452
0.0361247947454844,0.6494413407821229,2.675767918088737,2.2564102564102564,0,6.701570680628272
0.0361247947454844,0.6508379888268156,2.580204778156997,2.358974358974359,0,6.698778359511344
0.0262725779967159,0.6522346368715084,2.539249146757679,2.051282051282051,0,6.695986038394415
0.0328407224958949,0.653631284916201,2.47098976109215,2.051282051282051,0,6.693193717277487
0.0262725779967159,0.6550279329608939,2.416382252559727,2.2564102564102564,0,6.690401396160558
0.0295566502463054,0.6564245810055866,2.361774744027304,2.358974358974359,0,6.68760907504363
0.0295566502463054,0.6578212290502793,2.279863481228669,2.1538461538461537,0,6.684816753926702
0.0295566502463054,0.659217877094972,2.2252559726962455,2.4615384615384617,0,6.682024432809773
0.0262725779967159,0.6606145251396649,2.1843003412969284,2.4615384615384617,0,6.679232111692844
0.0197044334975369,0.6620111731843575,2.0887372013651877,2.358974358974359,0,6.676439790575916
0.0262725779967159,0.6634078212290503,2.0204778156996586,2.5641025641025643,0,6.673647469458988
0.0229885057471264,0.6648044692737429,1.9522184300341296,2.2564102564102564,0,6.670855148342059
0.0229885057471264,0.6662011173184357,1.8566552901023892,2.4615384615384617,0,6.668062827225131
0.0164203612479474,0.6675977653631285,1.7610921501706485,2.5641025641025643,0,6.665270506108202
0.0197044334975369,0.6689944134078212,1.706484641638225,2.4615384615384617,0,6.662478184991274
0.0164203612479474,0.6703910614525139,1.6109215017064846,2.5641025641025643,0,6.659685863874346
0.0164203612479474,0.6717877094972067,1.515358361774744,2.4615384615384617,0,6.656893542757417
0.0164203612479474,0.6731843575418994,1.501706484641638,2.6666666666666665,0,6.654101221640489
0.0164203612479474,0.6745810055865922,1.447098976109215,2.4615384615384617,0,6.65130890052356
0.0164203612479474,0.6759776536312849,1.378839590443686,2.5641025641025643,0,6.648516579406632
0.0197044334975369,0.6773743016759776,1.3378839590443683,2.6666666666666665,0,6.645724258289704
0.0197044334975369,0.6787709497206704,1.2696245733788396,2.5641025641025643,0,6.642931937172775
0.0197044334975369,0.6801675977653632,1.2150170648464165,2.4615384615384617,0,6.640139616055846
0.0262725779967159,0.6815642458100558,1.174061433447099,2.5641025641025643,0,6.637347294938918
0.0229885057471264,0.6829608938547486,1.1331058020477816,2.769230769230769,0,6.63455497382199
0.0229885057471264,0.6843575418994414,1.0511945392491469,2.6666666666666665,0,6.631762652705061
0.0295566502463054,0.6857541899441341,1.0102389078498293,2.6666666666666665,0,6.628970331588133
0.0295566502463054,0.6871508379888268,0.9829351535836176,2.6666666666666665,0,6.626178010471204
0.0295566502463054,0.6885474860335195,0.9283276450511946,2.769230769230769,0,6.623385689354276
0.0361247947454844,0.6899441340782123,0.9010238907849828,2.6666666666666665,0,6.620593368237348
0.0394088669950738,0.6913407821229051,0.8600682593856656,2.6666666666666665,0,6.617801047120419
0.0394088669950738,0.6927374301675977,0.8191126279863481,2.6666666666666665,0,6.615008726003491
0.0459770114942528,0.6941340782122905,0.7781569965870307,2.769230769230769,0,6.612216404886562
0.0492610837438423,0.6955307262569833,0.7235494880546075,2.769230769230769,0,6.609424083769634
0.0492610837438423,0.696927374301676,0.6825938566552902,2.769230769230769,0,6.606631762652706
0.0591133004926108,0.6983240223463687,0.6689419795221843,2.9743589743589745,0,6.603839441535777
0.0591133004926108,0.6997206703910615,0.6279863481228669,2.871794871794872,0,6.601047120418848
0.0656814449917898,0.7011173184357541,0.6006825938566553,2.871794871794872,0,6.59825479930192
0.0689655172413793,0.702513966480447,0.5870307167235495,2.9743589743589745,0,6.5954624781849915
0.0722495894909688,0.7039106145251397,0.5597269624573379,2.871794871794872,0,6.592670157068063
0.0788177339901477,0.7053072625698323,0.5324232081911263,2.769230769230769,0,6.5898778359511345
0.0788177339901477,0.7067039106145251,0.5187713310580204,2.9743589743589745,0,6.587085514834206
0.0788177339901477,0.708100558659218,0.5324232081911263,2.871794871794872,0,6.5842931937172775
0.0788177339901477,0.7094972067039106,0.5187713310580204,2.9743589743589745,0,6.581500872600349
0.0821018062397372,0.7108938547486033,0.5324232081911263,2.9743589743589745,0,6.5787085514834205
0.0788177339901477,0.712290502793296,0.5187713310580204,2.9743589743589745,0,6.575916230366492
0.0788177339901477,0.7136871508379888,0.5051194539249146,3.076923076923077,0,6.5731239092495635
0.0788177339901477,0.7150837988826816,0.5187713310580204,2.871794871794872,0,6.570331588132635
0.0788177339901477,0.7164804469273742,0.5187713310580204,2.9743589743589745,0,6.567539267015707
0.0788177339901477,0.717877094972067,0.5324232081911263,2.769230769230769,0,6.564746945898778
0.0821018062397372,0.7192737430167598,0.5187713310580204,2.9743589743589745,0,6.561954624781849
0.0788177339901477,0.7206703910614525,0.5187713310580204,2.9743589743589745,0,6.559162303664921
0.0788177339901477,0.7220670391061452,0.5187713310580204,2.9743589743589745,0,6.556369982547993
0.0821018062397372,0.723463687150838,0.5187713310580204,2.871794871794872,0,6.553577661431064
0.0788177339901477,0.7248603351955307,0.5187713310580204,2.5641025641025643,0,6.550785340314136
0.0821018062397372,0.7262569832402235,0.5324232081911263,2.9743589743589745,0,6.547993019197207
0.0722495894909688,0.7276536312849162,0.5187713310580204,2.9743589743589745,0,6.545200698080279
0.0821018062397372,0.7290502793296089,0.5051194539249146,2.871794871794872,0,6.542408376963351
0.0919540229885057,0.7304469273743017,0.5051194539249146,2.769230769230769,0,6.539616055846422
0.0952380952380952,0.7318435754189945,0.5051194539249146,2.9743589743589745,0,6.536823734729494
0.0919540229885057,0.7332402234636871,0.4641638225255973,2.871794871794872,0,6.534031413612565
0.0952380952380952,0.7346368715083799,0.4778156996587031,2.9743589743589745,0,6.531239092495637
0.0985221674876847,0.7360335195530725,0.4505119453924914,2.9743589743589745,0,6.528446771378709
0.1018062397372742,0.7374301675977654,0.4368600682593856,2.5641025641025643,0,6.52565445026178
0.1050903119868637,0.7388268156424581,0.4641638225255973,3.076923076923077,0,6.522862129144851
0.1083743842364532,0.7402234636871508,0.409556313993174,2.769230769230769,0,6.520069808027923
0.1149425287356321,0.7416201117318435,0.3959044368600682,3.076923076923077,0,6.517277486910995
0.1182266009852216,0.7430167597765364,0.3822525597269625,3.076923076923077,0,6.514485165794066
0.1215106732348111,0.744413407821229,0.3686006825938566,2.9743589743589745,0,6.511692844677138
0.1346469622331691,0.7458100558659218,0.3549488054607508,3.1794871794871793,0,6.508900523560209
0.1346469622331691,0.7472067039106145,0.3412969283276451,3.1794871794871793,0,6.506108202443281
0.1379310344827586,0.7486033519553073,0.3139931740614334,3.1794871794871793,0,6.503315881326353
0.1379310344827586,0.75,0.2866894197952218,3.282051282051282,0,6.500523560209424
0.1510673234811166,0.7513966480446927,0.2866894197952218,3.1794871794871793,0,6.497731239092496
0.1477832512315271,0.7527932960893854,0.2457337883959044,3.282051282051282,0,6.494938917975567
0.154351395730706,0.7541899441340782,0.2593856655290102,3.282051282051282,0,6.492146596858639
0.160919540229885,0.755586592178771,0.2457337883959044,3.282051282051282,0,6.48935427574171
0.160919540229885,0.7569832402234636,0.2320819112627986,3.3846153846153846,0,6.486561954624782
0.167487684729064,0.7583798882681564,0.2320819112627986,3.4871794871794872,0,6.483769633507853
0.1642036124794745,0.7597765363128492,0.2457337883959044,3.3846153846153846,0,6.480977312390925
0.167487684729064,0.7611731843575419,0.2320819112627986,3.3846153846153846,0,6.478184991273997
0.1707717569786535,0.7625698324022346,0.2320819112627986,3.3846153846153846,0,6.475392670157068
0.180623973727422,0.7639664804469273,0.2320819112627986,3.1794871794871793,0,6.47260034904014
0.1773399014778325,0.7653631284916201,0.204778156996587,3.282051282051282,0,6.469808027923211
0.1871921182266009,0.7667597765363129,0.2184300341296928,3.282051282051282,0,6.467015706806283
0.1970443349753694,0.7681564245810055,0.2184300341296928,3.1794871794871793,0,6.464223385689355
0.2068965517241379,0.7695530726256983,0.204778156996587,3.076923076923077,0,6.461431064572426
0.2233169129720854,0.770949720670391,0.1911262798634812,3.3846153846153846,0,6.458638743455498
0.2364532019704433,0.7723463687150838,0.1501706484641638,3.4871794871794872,0,6.455846422338569
0.2528735632183908,0.7737430167597765,0.1638225255972696,3.3846153846153846,0,6.453054101221641
0.2725779967159277,0.7751396648044693,0.136518771331058,3.4871794871794872,0,6.450261780104712
0.2857142857142857,0.7765363128491619,0.1228668941979522,3.3846153846153846,0,6.447469458987784
0.3087027914614121,0.7779329608938548,0.1228668941979522,3.58974358974359,0,6.444677137870855
0.3185550082101806,0.7793296089385475,0.1092150170648464,3.4871794871794872,0,6.441884816753927
0.3316912972085385,0.7807262569832402,0.1092150170648464,3.4871794871794872,0,6.439092495636999
0.348111658456486,0.7821229050279329,0.1092150170648464,3.692307692307693,0,6.43630017452007
0.3513957307060755,0.7835195530726258,0.0819112627986348,3.4871794871794872,0,6.433507853403142
0.367816091954023,0.7849162011173184,0.0955631399317406,3.58974358974359,0,6.430715532286213
0.367816091954023,0.7863128491620112,0.0955631399317406,3.692307692307693,0,6.427923211169285
0.3908045977011494,0.7877094972067038,0.068259385665529,3.7948717948717943,0,6.4251308900523565
0.3940886699507389,0.7891061452513967,0.0409556313993174,3.7948717948717943,0,6.4223385689354275
0.4137931034482758,0.7905027932960894,0.0819112627986348,3.692307692307693,0,6.419546247818499
0.4269293924466338,0.791899441340782,0.0819112627986348,3.897435897435898,0,6.4167539267015705
0.4367816091954023,0.7932960893854748,0.0819112627986348,3.7948717948717943,0,6.4139616055846425
0.4564860426929392,0.7946927374301677,0.0819112627986348,3.692307692307693,0,6.4111692844677135
0.4663382594417077,0.7960893854748603,0.068259385665529,3.692307692307693,0,6.408376963350785
0.4794745484400657,0.797486033519553,0.068259385665529,3.692307692307693,0,6.4055846422338565
0.4958949096880131,0.7988826815642458,0.0819112627986348,3.692307692307693,0,6.402792321116928
0.5123152709359606,0.8002793296089385,0.068259385665529,3.4871794871794872,0,6.4
0.5221674876847291,0.8016759776536313,0.068259385665529,3.7948717948717943,0,6.397207678883071
0.5385878489326765,0.803072625698324,0.1092150170648464,3.58974358974359,0,6.394415357766143
0.555008210180624,0.8044692737430167,0.0955631399317406,3.692307692307693,0,6.391623036649214
0.5747126436781609,0.8058659217877094,0.0955631399317406,3.692307692307693,0,6.388830715532286
0.5845648604269293,0.8072625698324023,0.1228668941979522,3.58974358974359,0,6.386038394415358
0.6075533661740559,0.8086592178770949,0.1092150170648464,3.692307692307693,0,6.383246073298429
0.6239737274220033,0.8100558659217877,0.136518771331058,3.692307692307693,0,6.3804537521815
0.6469622331691297,0.8114525139664803,0.136518771331058,3.58974358974359,0,6.377661431064572
0.6633825944170771,0.8128491620111732,0.136518771331058,3.4871794871794872,0,6.374869109947644
0.6830870279146142,0.8142458100558659,0.1501706484641638,3.58974358974359,0,6.372076788830715
0.7027914614121511,0.8156424581005586,0.1501706484641638,3.58974358974359,0,6.369284467713787
0.722495894909688,0.8170391061452513,0.1638225255972696,3.4871794871794872,0,6.366492146596858
0.7454844006568144,0.8184357541899442,0.1774744027303754,3.4871794871794872,0,6.36369982547993
0.7717569786535303,0.8198324022346368,0.204778156996587,3.3846153846153846,0,6.360907504363002
0.7881773399014779,0.8212290502793296,0.1911262798634812,3.282051282051282,0,6.358115183246073
0.8177339901477833,0.8226256983240223,0.2184300341296928,3.282051282051282,0,6.355322862129145
0.8308702791461412,0.8240223463687151,0.204778156996587,3.282051282051282,0,6.352530541012216
0.8538587848932676,0.8254189944134078,0.2184300341296928,3.282051282051282,0,6.349738219895288
0.8669950738916257,0.8268156424581006,0.2320819112627986,3.3846153846153846,0,6.34694589877836
0.8768472906403941,0.8282122905027932,0.2320819112627986,3.282051282051282,0,6.344153577661431
0.8735632183908046,0.8296089385474861,0.1911262798634812,3.3846153846153846,0,6.341361256544502
0.896551724137931,0.8310055865921788,0.2320819112627986,3.3846153846153846,0,6.338568935427574
0.9064039408866996,0.8324022346368715,0.2184300341296928,3.282051282051282,0,6.335776614310646
0.8998357963875205,0.8337988826815642,0.2593856655290102,3.076923076923077,0,6.332984293193717
0.916256157635468,0.8351955307262571,0.2866894197952218,3.282051282051282,0,6.330191972076789
0.9064039408866996,0.8365921787709497,0.273037542662116,3.1794871794871793,0,6.32739965095986
0.9261083743842364,0.8379888268156425,0.2866894197952218,3.076923076923077,0,6.324607329842932
0.9326765188834154,0.8393854748603351,0.3003412969283277,2.9743589743589745,0,6.321815008726004
0.942528735632184,0.8407821229050279,0.3276450511945392,2.9743589743589745,0,6.319022687609075
0.9523809523809524,0.8421787709497207,0.3276450511945392,3.076923076923077,0,6.316230366492147
0.9622331691297208,0.8435754189944134,0.3276450511945392,2.9743589743589745,0,6.313438045375218
0.9819376026272578,0.8449720670391061,0.3139931740614334,2.871794871794872,0,6.31064572425829
0.9885057471264368,0.8463687150837989,0.3686006825938566,2.871794871794872,0,6.307853403141362
1.0016420361247949,0.8477653631284916,0.3686006825938566,2.769230769230769,0,6.305061082024433
1.0147783251231528,0.8491620111731844,0.3822525597269625,2.6666666666666665,0,6.302268760907504
1.0410509031198687,0.8505586592178771,0.409556313993174,2.5641025641025643,0,6.299476439790576
1.057471264367816,0.8519553072625697,0.4232081911262799,2.769230769230769,0,6.296684118673648
1.064039408866995,0.8533519553072626,0.4232081911262799,2.5641025641025643,0,6.293891797556719
1.0738916256157636,0.8547486033519553,0.4505119453924914,2.6666666666666665,0,6.291099476439791
1.083743842364532,0.856145251396648,0.4368600682593856,2.5641025641025643,0,6.288307155322862
1.083743842364532,0.8575418994413407,0.4641638225255973,2.4615384615384617,0,6.285514834205934
1.1067323481116584,0.8589385474860336,0.4641638225255973,2.5641025641025643,0,6.282722513089006
1.110016420361248,0.8603351955307262,0.4641638225255973,2.358974358974359,0,6.279930191972077
1.1198686371100164,0.861731843575419,0.4914675767918088,2.5641025641025643,0,6.277137870855149
1.1362889983579638,0.8631284916201116,0.5051194539249146,2.4615384615384617,0,6.27434554973822
1.1527093596059113,0.8645251396648045,0.5187713310580204,2.2564102564102564,0,6.271553228621292
1.1527093596059113,0.8659217877094972,0.5187713310580204,2.2564102564102564,0,6.2687609075043635
1.1822660098522169,0.8673184357541899,0.5187713310580204,2.358974358974359,0,6.265968586387435
1.1756978653530377,0.8687150837988826,0.5460750853242321,2.358974358974359,0,6.263176265270506
1.2052545155993433,0.8701117318435755,0.5460750853242321,2.2564102564102564,0,6.260383944153578
1.1986863711001643,0.8715083798882681,0.5733788395904437,2.2564102564102564,0,6.2575916230366495
1.2118226600985222,0.8729050279329609,0.5597269624573379,2.2564102564102564,0,6.2547993019197206
1.2216748768472907,0.8743016759776536,0.6006825938566553,2.358974358974359,0,6.2520069808027925
1.2348111658456489,0.8756983240223463,0.5870307167235495,2.1538461538461537,0,6.2492146596858635
1.2413793103448276,0.8770949720670391,0.6006825938566553,2.1538461538461537,0,6.2464223385689355
1.2413793103448276,0.8784916201117319,0.6143344709897611,2.1538461538461537,0,6.243630017452007
1.2545155993431856,0.8798882681564245,0.6279863481228669,2.1538461538461537,0,6.2408376963350785
1.2807881773399017,0.8812849162011173,0.6279863481228669,2.1538461538461537,0,6.23804537521815
1.2742200328407225,0.8826815642458101,0.6552901023890785,2.051282051282051,0,6.235253054101221
1.284072249589491,0.8840782122905028,0.6689419795221843,1.948717948717949,0,6.232460732984293
1.297208538587849,0.8854748603351955,0.6416382252559727,1.948717948717949,0,6.229668411867364
1.3103448275862069,0.8868715083798882,0.6825938566552902,1.948717948717949,0,6.226876090750436
1.3267651888341545,0.888268156424581,0.6825938566552902,1.948717948717949,0,6.224083769633507
1.3366174055829227,0.8896648044692738,0.7235494880546075,2.051282051282051,0,6.221291448516579
1.3431855500821015,0.8910614525139664,0.7235494880546075,1.5384615384615383,0,6.218499127399651
1.3464696223316912,0.8924581005586592,0.7372013651877133,1.8461538461538465,0,6.215706806282722
1.3497536945812807,0.893854748603352,0.7508532423208191,1.8461538461538465,0,6.212914485165794
1.3661740558292284,0.8952513966480447,0.764505119453925,1.948717948717949,0,6.210122164048865
1.3957307060755335,0.8966480446927374,0.764505119453925,1.7435897435897436,0,6.207329842931937
1.3990147783251232,0.8980446927374302,0.7918088737201365,1.8461538461538465,0,6.204537521815009
1.4154351395730709,0.8994413407821229,0.8327645051194539,1.8461538461538465,0,6.20174520069808
1.4285714285714286,0.9008379888268156,0.8600682593856656,1.7435897435897436,0,6.198952879581152
1.4417077175697866,0.9022346368715084,0.8464163822525598,1.641025641025641,0,6.196160558464223
1.4252873563218391,0.903631284916201,0.8327645051194539,1.641025641025641,0,6.193368237347295
1.458128078817734,0.905027932960894,0.8873720136518771,1.641025641025641,0,6.190575916230366
1.4679802955665024,0.9064245810055866,0.8873720136518771,1.641025641025641,0,6.187783595113438
1.4876847290640394,0.9078212290502792,0.9010238907849828,1.8461538461538465,0,6.184991273996509
1.4942528735632183,0.909217877094972,0.9010238907849828,1.641025641025641,0,6.182198952879581
1.5073891625615763,0.9106145251396648,0.9146757679180888,1.641025641025641,0,6.179406631762653
1.5270935960591132,0.9120111731843576,0.9419795221843004,1.7435897435897436,0,6.176614310645724
1.5270935960591132,0.9134078212290504,0.9419795221843004,1.641025641025641,0,6.173821989528796
1.5402298850574712,0.9148044692737428,0.9965870307167236,1.641025641025641,0,6.171029668411867
1.5238095238095235,0.9162011173184356,0.9829351535836176,1.435897435897436,0,6.168237347294939
1.5566502463054188,0.9175977653631284,1.0102389078498293,1.641025641025641,0,6.165445026178011
1.5632183908045978,0.9189944134078212,1.0375426621160408,1.641025641025641,0,6.162652705061082
1.5763546798029555,0.920391061452514,1.0511945392491469,1.2307692307692308,0,6.159860383944153
1.5665024630541873,0.9217877094972068,1.0648464163822526,1.641025641025641,0,6.157068062827225
1.5763546798029555,0.9231843575418994,1.0784982935153584,1.435897435897436,0,6.154275741710297
1.5763546798029555,0.9245810055865922,1.0921501706484642,1.435897435897436,0,6.151483420593368
1.5697865353037768,0.9259776536312848,1.0921501706484642,1.3333333333333333,0,6.14869109947644
1.5632183908045978,0.9273743016759776,1.10580204778157,1.3333333333333333,0,6.145898778359511
1.5566502463054188,0.9287709497206704,1.1194539249146758,1.1282051282051282,0,6.143106457242583
1.5599343185550083,0.9301675977653632,1.10580204778157,1.1282051282051282,0,6.140314136125655
1.553366174055829,0.9315642458100558,1.1467576791808871,1.435897435897436,0,6.137521815008726
1.5435139573070606,0.9329608938547486,1.1331058020477816,1.3333333333333333,0,6.134729493891798
1.5467980295566504,0.9343575418994414,1.174061433447099,1.2307692307692308,0,6.131937172774869
1.5467980295566504,0.935754189944134,1.174061433447099,1.2307692307692308,0,6.129144851657941
1.5402298850574712,0.9371508379888268,1.2013651877133107,1.1282051282051282,0,6.126352530541013
1.5369458128078817,0.9385474860335196,1.174061433447099,1.2307692307692308,0,6.123560209424084
1.5402298850574712,0.9399441340782124,1.2150170648464165,1.1282051282051282,0,6.120767888307155
1.5467980295566504,0.9413407821229052,1.242320819112628,0.9230769230769232,0,6.117975567190227
1.5369458128078817,0.9427374301675976,1.2559726962457338,1.1282051282051282,0,6.115183246073299
1.5073891625615763,0.9441340782122905,1.2286689419795225,1.0256410256410255,0,6.11239092495637
1.5336617405582922,0.9455307262569832,1.2832764505119454,1.1282051282051282,0,6.109598603839442
1.5303776683087027,0.946927374301676,1.2969283276450512,1.0256410256410255,0,6.106806282722513
1.5435139573070606,0.9483240223463688,1.2969283276450512,0.9230769230769232,0,6.104013961605585
1.5467980295566504,0.9497206703910616,1.3515358361774743,0.9230769230769232,0,6.101221640488657
1.5500821018062398,0.951117318435754,1.3651877133105803,0.9230769230769232,0,6.098429319371728
1.5632183908045978,0.952513966480447,1.378839590443686,0.8205128205128205,0,6.0956369982547995
1.5796387520525452,0.9539106145251396,1.4061433447098977,0.8205128205128205,0,6.092844677137871
1.5960591133004929,0.9553072625698324,1.4334470989761092,0.9230769230769232,0,6.0900523560209425
1.61247947454844,0.9567039106145252,1.4334470989761092,0.9230769230769232,0,6.0872600349040145
1.6157635467980296,0.958100558659218,1.447098976109215,0.9230769230769232,0,6.0844677137870855
1.6091954022988506,0.9594972067039106,1.447098976109215,0.9230769230769232,0,6.0816753926701566
1.5862068965517242,0.9608938547486032,1.4061433447098977,0.9230769230769232,0,6.0788830715532285
1.5927750410509032,0.962290502793296,1.4061433447098977,1.0256410256410255,0,6.0760907504363
1.599343185550082,0.9636871508379888,1.392491467576792,1.0256410256410255,0,6.0732984293193715
1.5730706075533665,0.9650837988826816,1.4061433447098977,1.0256410256410255,0,6.070506108202443
1.5894909688013137,0.9664804469273742,1.4061433447098977,0.8205128205128205,0,6.0677137870855145
1.5697865353037768,0.967877094972067,1.4061433447098977,1.0256410256410255,0,6.064921465968586
1.5730706075533665,0.9692737430167598,1.4061433447098977,0.9230769230769232,0,6.062129144851658
1.5829228243021347,0.9706703910614524,1.4334470989761092,1.0256410256410255,0,6.059336823734729
1.5829228243021347,0.9720670391061452,1.4744027303754266,0.9230769230769232,0,6.056544502617801
1.5796387520525452,0.973463687150838,1.4744027303754266,0.717948717948718,0,6.053752181500872
1.5894909688013137,0.9748603351955308,1.4880546075085324,0.8205128205128205,0,6.050959860383944
1.6091954022988506,0.9762569832402236,1.5972696245733788,0.6153846153846154,0,6.048167539267016
1.6059113300492611,0.9776536312849162,1.6382252559726962,0.6153846153846154,0,6.045375218150087
1.6059113300492611,0.9790502793296088,1.6928327645051195,0.6153846153846154,0,6.042582897033158
1.6026272577996716,0.9804469273743016,1.7201365187713311,0.6153846153846154,0,6.03979057591623
1.6354679802955665,0.9818435754189944,1.8020477815699656,0.717948717948718,0,6.036998254799302
1.6157635467980296,0.9832402234636872,1.8430034129692832,0.6153846153846154,0,6.034205933682373
1.632183908045977,0.98463687150838,1.870307167235495,0.5128205128205128,0,6.031413612565445
1.632183908045977,0.9860335195530724,1.8839590443686007,0.5128205128205128,0,6.028621291448516
1.6223316912972086,0.9874301675977654,1.924914675767918,0.6153846153846154,0,6.025828970331588
1.625615763546798,0.988826815642458,1.938566552901024,0.5128205128205128,0,6.02303664921466
1.632183908045977,0.9902234636871508,1.938566552901024,0.6153846153846154,0,6.020244328097731
1.6288998357963875,0.9916201117318436,1.9658703071672352,0.717948717948718,0,6.017452006980803
1.632183908045977,0.9930167597765364,1.938566552901024,0.3076923076923077,0,6.014659685863874
1.632183908045977,0.994413407821229,1.924914675767918,0.6153846153846154,0,6.011867364746946
1.632183908045977,0.9958100558659218,1.924914675767918,0.6153846153846154,0,6.009075043630018
1.638752052545156,0.9972067039106144,1.8839590443686007,0.717948717948718,0,6.006282722513089
1.625615763546798,0.9986033519553073,1.8839590443686007,0.6153846153846154,0,6.00349040139616
1.638752052545156,1.0,1.870307167235495,0.717948717948718,0,6.000698080279232
1.6223316912972086,1.0013966480446927,1.8430034129692832,0.6153846153846154,0,5.997905759162304
1.632183908045977,1.0027932960893855,1.8293515358361776,0.5128205128205128,0,5.995113438045375
1.625615763546798,1.0041899441340782,1.8020477815699656,0.4102564102564102,0,5.992321116928447
1.6091954022988506,1.005586592178771,1.8020477815699656,0.717948717948718,0,5.989528795811518
1.61247947454844,1.0069832402234635,1.7610921501706485,0.6153846153846154,0,5.98673647469459
1.61247947454844,1.0083798882681565,1.706484641638225,0.717948717948718,0,5.983944153577662
1.6091954022988506,1.0097765363128492,1.706484641638225,0.5128205128205128,0,5.981151832460733
1.6091954022988506,1.011173184357542,1.6791808873720135,0.6153846153846154,0,5.978359511343804
1.5862068965517242,1.0125698324022343,1.6655290102389078,0.6153846153846154,0,5.975567190226876
1.599343185550082,1.0139664804469273,1.6109215017064846,0.717948717948718,0,5.972774869109948
1.5763546798029555,1.01536312849162,1.5972696245733788,0.8205128205128205,0,5.96998254799302
1.5894909688013137,1.0167597765363128,1.5563139931740615,0.717948717948718,0,5.967190226876091
1.5730706075533665,1.0181564245810055,1.5426621160409557,0.717948717948718,0,5.964397905759162
1.5665024630541873,1.0195530726256985,1.52901023890785,0.9230769230769232,0,5.961605584642234
1.5500821018062398,1.020949720670391,1.4744027303754266,0.8205128205128205,0,5.958813263525306
1.5566502463054188,1.0223463687150838,1.4744027303754266,0.9230769230769232,0,5.956020942408377
1.5369458128078817,1.0237430167597763,1.4334470989761092,0.717948717948718,0,5.953228621291449
1.553366174055829,1.0251396648044693,1.4197952218430034,0.9230769230769232,0,5.95043630017452
1.5402298850574712,1.026536312849162,1.392491467576792,0.8205128205128205,0,5.947643979057592
1.5270935960591132,1.0279329608938548,1.378839590443686,0.9230769230769232,0,5.944851657940664
1.5270935960591132,1.0293296089385475,1.3515358361774743,0.9230769230769232,0,5.942059336823735
1.5205254515599342,1.0307262569832405,1.2832764505119454,0.9230769230769232,0,5.939267015706806
1.5073891625615763,1.0321229050279328,1.310580204778157,0.9230769230769232,0,5.936474694589878
1.500821018062397,1.0335195530726258,1.2969283276450512,0.9230769230769232,0,5.93368237347295
1.48440065681445,1.0349162011173183,1.2832764505119454,0.8205128205128205,0,5.9308900523560215
1.4876847290640394,1.036312849162011,1.2696245733788396,0.9230769230769232,0,5.928097731239093
1.4942528735632183,1.0377094972067038,1.2696245733788396,0.9230769230769232,0,5.925305410122164
1.48440065681445,1.0391061452513968,1.2559726962457338,0.9230769230769232,0,5.9225130890052355
1.4876847290640394,1.0405027932960893,1.2286689419795225,0.9230769230769232,0,5.9197207678883075
1.4876847290640394,1.041899441340782,1.242320819112628,1.0256410256410255,0,5.9169284467713785
1.477832512315271,1.0432960893854748,1.2150170648464165,1.0256410256410255,0,5.9141361256544505
1.4679802955665024,1.0446927374301676,1.2286689419795225,0.9230769230769232,0,5.9113438045375215
1.4942528735632183,1.0460893854748603,1.2013651877133107,0.717948717948718,0,5.908551483420593
1.4975369458128078,1.047486033519553,1.242320819112628,1.0256410256410255,0,5.905759162303665
1.4942528735632183,1.0488826815642458,1.2286689419795225,0.8205128205128205,0,5.902966841186736
1.4942528735632183,1.0502793296089383,1.2150170648464165,1.0256410256410255,0,5.9001745200698075
1.4975369458128078,1.0516759776536313,1.242320819112628,1.0256410256410255,0,5.897382198952879
1.4942528735632183,1.053072625698324,1.2286689419795225,0.9230769230769232,0,5.894589877835951
1.5139573070607553,1.0544692737430168,1.2696245733788396,1.0256410256410255,0,5.891797556719023
1.500821018062397,1.055865921787709,1.2559726962457338,1.0256410256410255,0,5.889005235602094
1.5041050903119868,1.0572625698324023,1.2832764505119454,1.0256410256410255,0,5.886212914485165
1.5139573070607553,1.058659217877095,1.2832764505119454,1.0256410256410255,0,5.883420593368237
1.5238095238095235,1.0600558659217876,1.2832764505119454,0.717948717948718,0,5.880628272251309
1.5336617405582922,1.0614525139664803,1.310580204778157,1.0256410256410255,0,5.87783595113438
1.5500821018062398,1.0628491620111733,1.3242320819112627,1.0256410256410255,0,5.875043630017452
1.5402298850574712,1.0642458100558658,1.3242320819112627,1.0256410256410255,0,5.872251308900523
1.5336617405582922,1.0656424581005586,1.3515358361774743,0.9230769230769232,0,5.869458987783595
1.5697865353037768,1.067039106145251,1.3651877133105803,1.0256410256410255,0,5.866666666666667
1.5730706075533665,1.068435754189944,1.3378839590443683,0.9230769230769232,0,5.863874345549738
1.5829228243021347,1.0698324022346368,1.3651877133105803,1.0256410256410255,0,5.861082024432809
1.5829228243021347,1.0712290502793296,1.378839590443686,1.0256410256410255,0,5.858289703315881
1.5862068965517242,1.0726256983240223,1.392491467576792,0.8205128205128205,0,5.855497382198953
1.5960591133004929,1.074022346368715,1.392491467576792,0.9230769230769232,0,5.852705061082025
1.599343185550082,1.0754189944134078,1.3378839590443683,1.0256410256410255,0,5.849912739965096
1.6026272577996716,1.0768156424581006,1.3651877133105803,0.8205128205128205,0,5.847120418848167
1.5927750410509032,1.078212290502793,1.378839590443686,1.1282051282051282,0,5.844328097731239
1.5960591133004929,1.079608938547486,1.3378839590443683,1.0256410256410255,0,5.841535776614311
1.6026272577996716,1.0810055865921788,1.378839590443686,1.1282051282051282,0,5.838743455497382
1.599343185550082,1.0824022346368716,1.3515358361774743,0.8205128205128205,0,5.835951134380453
1.5927750410509032,1.083798882681564,1.3378839590443683,1.1282051282051282,0,5.833158813263525
1.6091954022988506,1.0851955307262569,1.3651877133105803,1.0256410256410255,0,5.830366492146597
1.6059113300492611,1.0865921787709498,1.3378839590443683,1.1282051282051282,0,5.827574171029669
1.61247947454844,1.0879888268156424,1.3515358361774743,1.1282051282051282,0,5.82478184991274
1.6091954022988506,1.089385474860335,1.3651877133105803,1.1282051282051282,0,5.821989528795811
1.5796387520525452,1.090782122905028,1.3378839590443683,1.0256410256410255,0,5.819197207678883
1.6091954022988506,1.0921787709497206,1.3651877133105803,1.0256410256410255,0,5.816404886561955
1.619047619047619,1.0935754189944134,1.3651877133105803,0.9230769230769232,0,5.813612565445027
1.6223316912972086,1.094972067039106,1.3515358361774743,1.0256410256410255,0,5.810820244328098
1.6223316912972086,1.0963687150837989,1.3651877133105803,1.0256410256410255,0,5.808027923211169
1.61247947454844,1.0977653631284916,1.3515358361774743,1.0256410256410255,0,5.805235602094241
1.632183908045977,1.0991620111731844,1.378839590443686,1.1282051282051282,0,5.802443280977313
1.6354679802955665,1.100558659217877,1.3515358361774743,1.2307692307692308,0,5.799650959860384
1.632183908045977,1.1019553072625698,1.3515358361774743,1.0256410256410255,0,5.796858638743455
1.6486042692939245,1.1033519553072626,1.378839590443686,1.2307692307692308,0,5.794066317626527
1.6420361247947457,1.1047486033519551,1.3515358361774743,1.0256410256410255,0,5.791273996509599
1.6551724137931034,1.106145251396648,1.3651877133105803,1.2307692307692308,0,5.788481675392671
1.645320197044335,1.1075418994413406,1.3515358361774743,0.9230769230769232,0,5.785689354275742
1.651888341543514,1.1089385474860336,1.2969283276450512,1.1282051282051282,0,5.782897033158813
1.6617405582922824,1.1103351955307263,1.3242320819112627,1.2307692307692308,0,5.780104712041885
1.6486042692939245,1.1117318435754189,1.3378839590443683,1.3333333333333333,0,5.777312390924957
1.665024630541872,1.1131284916201116,1.2696245733788396,1.2307692307692308,0,5.774520069808029
1.665024630541872,1.1145251396648046,1.310580204778157,1.3333333333333333,0,5.7717277486911
1.665024630541872,1.1159217877094971,1.2969283276450512,1.2307692307692308,0,5.768935427574171
1.6683087027914614,1.11731843575419,1.2969283276450512,1.435897435897436,0,5.766143106457243
1.665024630541872,1.1187150837988826,1.2696245733788396,1.2307692307692308,0,5.7633507853403145
1.6617405582922824,1.1201117318435754,1.2832764505119454,1.435897435897436,0,5.760558464223386
1.6748768472906403,1.121508379888268,1.2832764505119454,1.3333333333333333,0,5.757766143106457
1.6715927750410509,1.1229050279329609,1.242320819112628,1.435897435897436,0,5.754973821989529
1.6683087027914614,1.1243016759776536,1.2559726962457338,1.435897435897436,0,5.7521815008726005
1.6551724137931034,1.1256983240223464,1.2286689419795225,1.3333333333333333,0,5.749389179755672
1.665024630541872,1.1270949720670391,1.2286689419795225,1.5384615384615383,0,5.7465968586387435
1.6617405582922824,1.128491620111732,1.2150170648464165,1.3333333333333333,0,5.7438045375218145
1.6748768472906403,1.1298882681564246,1.2286689419795225,1.5384615384615383,0,5.7410122164048865
1.658456486042693,1.1312849162011172,1.2286689419795225,1.3333333333333333,0,5.738219895287958
1.645320197044335,1.13268156424581,1.2013651877133107,1.5384615384615383,0,5.73542757417103
1.6486042692939245,1.1340782122905029,1.187713310580205,1.435897435897436,0,5.732635253054101
1.6551724137931034,1.1354748603351956,1.2013651877133107,1.435897435897436,0,5.729842931937172
1.665024630541872,1.1368715083798884,1.174061433447099,1.3333333333333333,0,5.727050610820244
1.6617405582922824,1.1382681564245811,1.187713310580205,1.5384615384615383,0,5.724258289703316
1.665024630541872,1.1396648044692737,1.174061433447099,1.3333333333333333,0,5.721465968586387
1.6617405582922824,1.1410614525139664,1.174061433447099,1.435897435897436,0,5.718673647469458
1.651888341543514,1.1424581005586592,1.2013651877133107,1.5384615384615383,0,5.71588132635253
1.6420361247947457,1.143854748603352,1.187713310580205,1.435897435897436,0,5.713089005235602
1.6551724137931034,1.1452513966480449,1.2013651877133107,1.5384615384615383,0,5.710296684118674
1.658456486042693,1.1466480446927376,1.1604095563139931,1.435897435897436,0,5.707504363001745
1.638752052545156,1.1480446927374302,1.187713310580205,1.3333333333333333,0,5.704712041884816
1.6420361247947457,1.149441340782123,1.174061433447099,1.3333333333333333,0,5.701919720767888
1.6288998357963875,1.1508379888268156,1.187713310580205,1.5384615384615383,0,5.69912739965096
1.6354679802955665,1.1522346368715084,1.2013651877133107,1.435897435897436,0,5.696335078534031
1.632183908045977,1.1536312849162011,1.187713310580205,1.3333333333333333,0,5.693542757417103
1.632183908045977,1.1550279329608937,1.187713310580205,1.3333333333333333,0,5.690750436300174
1.619047619047619,1.1564245810055864,1.2013651877133107,1.435897435897436,0,5.687958115183246
1.6288998357963875,1.1578212290502792,1.2013651877133107,1.2307692307692308,0,5.685165794066318
1.625615763546798,1.159217877094972,1.2150170648464165,1.435897435897436,0,5.682373472949389
1.625615763546798,1.160614525139665,1.187713310580205,1.435897435897436,0,5.67958115183246
1.599343185550082,1.1620111731843576,1.2150170648464165,1.3333333333333333,0,5.676788830715532
1.6091954022988506,1.1634078212290502,1.2013651877133107,1.435897435897436,0,5.673996509598604
1.6091954022988506,1.164804469273743,1.2013651877133107,1.3333333333333333,0,5.671204188481676
1.6059113300492611,1.1662011173184357,1.2150170648464165,1.2307692307692308,0,5.668411867364747
1.5894909688013137,1.1675977653631284,1.2150170648464165,1.2307692307692308,0,5.665619546247818
1.5960591133004929,1.1689944134078212,1.2150170648464165,1.2307692307692308,0,5.66282722513089
1.5829228243021347,1.170391061452514,1.2013651877133107,1.1282051282051282,0,5.660034904013962
1.5730706075533665,1.171787709497207,1.2150170648464165,1.1282051282051282,0,5.657242582897033
1.5730706075533665,1.1731843575418994,1.2286689419795225,1.3333333333333333,0,5.654450261780105
1.5763546798029555,1.1745810055865922,1.242320819112628,1.1282051282051282,0,5.651657940663176
1.5697865353037768,1.175977653631285,1.2559726962457338,1.0256410256410255,0,5.648865619546248
1.5500821018062398,1.1773743016759777,1.242320819112628,1.0256410256410255,0,5.64607329842932
1.5500821018062398,1.1787709497206702,1.2696245733788396,1.0256410256410255,0,5.643280977312391
1.5566502463054188,1.180167597765363,1.2696245733788396,1.0256410256410255,0,5.640488656195462
1.5467980295566504,1.181564245810056,1.2696245733788396,0.9230769230769232,0,5.637696335078534
1.5467980295566504,1.182960893854749,1.2696245733788396,1.1282051282051282,0,5.634904013961606
1.5467980295566504,1.1843575418994414,1.310580204778157,1.0256410256410255,0,5.632111692844678
1.5303776683087027,1.1857541899441342,1.2969283276450512,0.9230769230769232,0,5.629319371727749
1.5303776683087027,1.1871508379888267,1.310580204778157,1.0256410256410255,0,5.62652705061082
1.5336617405582922,1.1885474860335197,1.2969283276450512,1.0256410256410255,0,5.623734729493892
1.5435139573070606,1.1899441340782122,1.310580204778157,0.8205128205128205,0,5.620942408376964
1.5435139573070606,1.191340782122905,1.310580204778157,1.0256410256410255,0,5.618150087260035
1.5336617405582922,1.1927374301675977,1.3242320819112627,0.8205128205128205,0,5.615357766143107
1.5336617405582922,1.194134078212291,1.3378839590443683,1.0256410256410255,0,5.612565445026178
1.5172413793103448,1.1955307262569832,1.3651877133105803,0.9230769230769232,0,5.60977312390925
1.5336617405582922,1.196927374301676,1.3651877133105803,0.9230769230769232,0,5.606980802792322
1.5336617405582922,1.1983240223463687,1.392491467576792,0.6153846153846154,0,5.604188481675393
1.5566502463054188,1.1997206703910617,1.378839590443686,0.717948717948718,0,5.601396160558464
1.5599343185550083,1.2011173184357542,1.4334470989761092,0.6153846153846154,0,5.598603839441536
1.5730706075533665,1.2025139664804467,1.4197952218430034,0.8205128205128205,0,5.5958115183246075
1.5763546798029555,1.2039106145251397,1.4744027303754266,0.9230769230769232,0,5.5930191972076795
1.5599343185550083,1.2053072625698324,1.501706484641638,0.8205128205128205,0,5.5902268760907505
1.5796387520525452,1.2067039106145252,1.52901023890785,0.9230769230769232,0,5.587434554973822
1.5665024630541873,1.208100558659218,1.5426621160409557,0.6153846153846154,0,5.5846422338568935
1.5796387520525452,1.2094972067039107,1.5699658703071673,0.6153846153846154,0,5.5818499127399654
1.5894909688013137,1.2108938547486032,1.5699658703071673,0.8205128205128205,0,5.5790575916230365
1.599343185550082,1.212290502793296,1.6109215017064846,0.717948717948718,0,5.5762652705061075
1.5927750410509032,1.2136871508379887,1.6245733788395904,0.8205128205128205,0,5.5734729493891795
1.6059113300492611,1.2150837988826817,1.6791808873720135,0.717948717948718,0,5.570680628272251
1.5927750410509032,1.2164804469273744,1.6655290102389078,0.717948717948718,0,5.567888307155323
1.6059113300492611,1.2178770949720672,1.706484641638225,0.717948717948718,0,5.565095986038394
1.6223316912972086,1.2192737430167595,1.7201365187713311,0.717948717948718,0,5.562303664921465
1.61247947454844,1.2206703910614525,1.733788395904437,0.5128205128205128,0,5.559511343804537
1.6288998357963875,1.2220670391061452,1.7747440273037542,0.717948717948718,0,5.556719022687609
1.5927750410509032,1.223463687150838,1.7610921501706485,0.717948717948718,0,5.553926701570681
1.6157635467980296,1.2248603351955307,1.78839590443686,0.5128205128205128,0,5.551134380453752
1.6091954022988506,1.2262569832402233,1.8020477815699656,0.4102564102564102,0,5.548342059336823
1.6157635467980296,1.227653631284916,1.78839590443686,0.6153846153846154,0,5.545549738219895
1.619047619047619,1.229050279329609,1.8430034129692832,0.3076923076923077,0,5.542757417102967
1.6157635467980296,1.2304469273743015,1.8566552901023892,0.6153846153846154,0,5.539965095986038
1.6223316912972086,1.2318435754189945,1.870307167235495,0.5128205128205128,0,5.537172774869109
1.625615763546798,1.2332402234636872,1.870307167235495,0.4102564102564102,0,5.534380453752181
1.632183908045977,1.2346368715083798,1.8976109215017063,0.6153846153846154,0,5.531588132635253
1.625615763546798,1.2360335195530725,1.938566552901024,0.717948717948718,0,5.528795811518325
1.619047619047619,1.2374301675977653,1.9522184300341296,0.6153846153846154,0,5.526003490401396
1.6223316912972086,1.238826815642458,1.9522184300341296,0.6153846153846154,0,5.523211169284467
1.625615763546798,1.240223463687151,1.993174061433447,0.6153846153846154,0,5.520418848167539
1.619047619047619,1.2416201117318435,1.9795221843003412,0.5128205128205128,0,5.517626527050611
1.619047619047619,1.2430167597765365,1.993174061433447,0.3076923076923077,0,5.514834205933683
1.625615763546798,1.244413407821229,1.993174061433447,0.6153846153846154,0,5.512041884816754
1.632183908045977,1.2458100558659218,2.034129692832765,0.4102564102564102,0,5.509249563699825
1.619047619047619,1.2472067039106145,2.034129692832765,0.6153846153846154,0,5.506457242582897
1.619047619047619,1.2486033519553073,2.04778156996587,0.5128205128205128,0,5.503664921465969
1.625615763546798,1.2499999999999998,2.04778156996587,0.3076923076923077,0,5.50087260034904
1.6091954022988506,1.2513966480446927,2.04778156996587,0.5128205128205128,0,5.498080279232111
1.6157635467980296,1.2527932960893855,2.04778156996587,0.5128205128205128,0,5.495287958115183
1.6091954022988506,1.2541899441340782,2.04778156996587,0.3076923076923077,0,5.492495636998255
1.6091954022988506,1.255586592178771,2.04778156996587,0.3076923076923077,0,5.489703315881327
1.61247947454844,1.2569832402234635,2.0204778156996586,0.4102564102564102,0,5.486910994764398
1.6091954022988506,1.2583798882681565,2.04778156996587,0.4102564102564102,0,5.484118673647469
1.61247947454844,1.259776536312849,2.034129692832765,0.4102564102564102,0,5.481326352530541
1.6026272577996716,1.2611731843575418,2.0204778156996586,0.5128205128205128,0,5.478534031413613
1.6091954022988506,1.2625698324022343,2.006825938566553,0.5128205128205128,0,5.475741710296685
1.6059113300492611,1.2639664804469275,1.9795221843003412,0.5128205128205128,0,5.472949389179756
1.6223316912972086,1.2653631284916202,1.9795221843003412,0.5128205128205128,0,5.470157068062827
1.6157635467980296,1.2667597765363128,1.993174061433447,0.5128205128205128,0,5.467364746945899
1.599343185550082,1.2681564245810055,1.9522184300341296,0.5128205128205128,0,5.464572425828971
1.6026272577996716,1.2695530726256985,1.9658703071672352,0.6153846153846154,0,5.461780104712042
1.61247947454844,1.270949720670391,1.9658703071672352,0.5128205128205128,0,5.458987783595113
1.6091954022988506,1.2723463687150838,1.924914675767918,0.5128205128205128,0,5.456195462478185
1.5960591133004929,1.2737430167597763,1.938566552901024,0.6153846153846154,0,5.453403141361257
1.6026272577996716,1.2751396648044693,1.924914675767918,0.5128205128205128,0,5.450610820244329
1.5960591133004929,1.276536312849162,1.924914675767918,0.4102564102564102,0,5.4478184991274
1.6026272577996716,1.2779329608938548,1.924914675767918,0.1025641025641025,0,5.445026178010471
1.5894909688013137,1.2793296089385475,1.8839590443686007,0.5128205128205128,0,5.442233856893543
1.6059113300492611,1.2807262569832405,1.938566552901024,0.6153846153846154,0,5.439441535776615
1.6091954022988506,1.2821229050279328,1.8976109215017063,0.6153846153846154,0,5.436649214659686
1.599343185550082,1.2835195530726256,1.924914675767918,0.4102564102564102,0,5.433856893542758
1.6091954022988506,1.2849162011173183,1.9522184300341296,0.6153846153846154,0,5.431064572425829
1.6059113300492611,1.2863128491620113,1.924914675767918,0.5128205128205128,0,5.428272251308901
1.6091954022988506,1.287709497206704,1.924914675767918,0.5128205128205128,0,5.4254799301919725
1.61247947454844,1.2891061452513968,1.9112627986348123,0.2051282051282051,0,5.4226876090750435
1.6157635467980296,1.2905027932960893,1.9112627986348123,0.3076923076923077,0,5.419895287958115
1.599343185550082,1.291899441340782,1.924914675767918,0.6153846153846154,0,5.4171029668411865
1.6157635467980296,1.2932960893854748,1.9522184300341296,0.4102564102564102,0,5.4143106457242585
1.632183908045977,1.2946927374301676,1.924914675767918,0.6153846153846154,0,5.41151832460733
1.625615763546798,1.2960893854748603,1.9522184300341296,0.5128205128205128,0,5.4087260034904014
1.6288998357963875,1.2974860335195528,1.9522184300341296,0.6153846153846154,0,5.4059336823734725
1.6157635467980296,1.2988826815642458,1.938566552901024,0.5128205128205128,0,5.403141361256544
1.625615763546798,1.3002793296089383,1.938566552901024,0.5128205128205128,0,5.400349040139616
1.6354679802955665,1.3016759776536313,1.9112627986348123,0.5128205128205128,0,5.397556719022687
1.645320197044335,1.303072625698324,1.938566552901024,0.6153846153846154,0,5.394764397905759
1.6288998357963875,1.3044692737430168,1.9522184300341296,0.6153846153846154,0,5.39197207678883
1.651888341543514,1.305865921787709,1.938566552901024,0.6153846153846154,0,5.389179755671902
1.645320197044335,1.307262569832402,1.938566552901024,0.5128205128205128,0,5.386387434554974
1.658456486042693,1.3086592178770948,1.938566552901024,0.717948717948718,0,5.383595113438045
1.6551724137931034,1.3100558659217878,1.938566552901024,0.717948717948718,0,5.380802792321116
1.645320197044335,1.3114525139664803,1.938566552901024,0.5128205128205128,0,5.378010471204188
1.6420361247947457,1.3128491620111733,1.938566552901024,0.6153846153846154,0,5.37521815008726
1.651888341543514,1.3142458100558658,1.938566552901024,0.717948717948718,0,5.372425828970332
1.645320197044335,1.3156424581005586,1.924914675767918,0.717948717948718,0,5.369633507853403
1.651888341543514,1.317039106145251,1.924914675767918,0.5128205128205128,0,5.366841186736474
1.6551724137931034,1.318435754189944,1.924914675767918,0.717948717948718,0,5.364048865619546
1.665024630541872,1.3198324022346368,1.938566552901024,0.5128205128205128,0,5.361256544502618
1.6551724137931034,1.3212290502793298,1.9522184300341296,0.717948717948718,0,5.358464223385689
1.658456486042693,1.3226256983240223,1.9522184300341296,0.5128205128205128,0,5.355671902268761
1.6617405582922824,1.324022346368715,1.938566552901024,0.6153846153846154,0,5.352879581151832
1.651888341543514,1.3254189944134078,1.938566552901024,0.6153846153846154,0,5.350087260034904
1.6617405582922824,1.3268156424581006,1.938566552901024,0.5128205128205128,0,5.347294938917976
1.658456486042693,1.328212290502793,1.938566552901024,0.717948717948718,0,5.344502617801047
1.6617405582922824,1.329608938547486,1.938566552901024,0.3076923076923077,0,5.341710296684118
1.6551724137931034,1.3310055865921786,1.924914675767918,0.5128205128205128,0,5.33891797556719
1.651888341543514,1.3324022346368714,1.9795221843003412,0.6153846153846154,0,5.336125654450262
1.638752052545156,1.3337988826815643,1.9658703071672352,0.6153846153846154,0,5.333333333333334
1.6420361247947457,1.335195530726257,2.0204778156996586,0.5128205128205128,0,5.330541012216405
1.6486042692939245,1.3365921787709498,2.006825938566553,0.6153846153846154,0,5.327748691099476
1.638752052545156,1.3379888268156424,2.034129692832765,0.4102564102564102,0,5.324956369982548
1.658456486042693,1.339385474860335,1.993174061433447,0.717948717948718,0,5.32216404886562
1.6551724137931034,1.340782122905028,2.04778156996587,0.5128205128205128,0,5.319371727748691
1.645320197044335,1.3421787709497206,2.04778156996587,0.4102564102564102,0,5.316579406631763
1.6617405582922824,1.3435754189944134,2.061433447098976,0.5128205128205128,0,5.313787085514834
1.6551724137931034,1.3449720670391063,2.061433447098976,0.6153846153846154,0,5.310994764397906
1.658456486042693,1.3463687150837989,2.0750853242320817,0.5128205128205128,0,5.308202443280978
1.6551724137931034,1.3477653631284916,2.04778156996587,0.5128205128205128,0,5.305410122164049
1.658456486042693,1.3491620111731844,2.0887372013651877,0.3076923076923077,0,5.30261780104712
1.6420361247947457,1.350558659217877,2.1023890784982937,0.6153846153846154,0,5.299825479930192
1.658456486042693,1.3519553072625698,2.0887372013651877,0.5128205128205128,0,5.297033158813264
1.6748768472906403,1.3533519553072624,2.1160409556313993,0.6153846153846154,0,5.294240837696336
1.638752052545156,1.3547486033519551,2.1160409556313993,0.3076923076923077,0,5.291448516579407
1.6715927750410509,1.356145251396648,2.143344709897611,0.717948717948718,0,5.288656195462478
1.681444991789819,1.3575418994413408,2.1296928327645053,0.6153846153846154,0,5.28586387434555
1.6683087027914614,1.3589385474860336,2.1843003412969284,0.6153846153846154,0,5.283071553228622
1.6880131362889983,1.3603351955307263,2.156996587030717,0.4102564102564102,0,5.280279232111693
1.6880131362889983,1.3617318435754189,2.1843003412969284,0.6153846153846154,0,5.277486910994764
1.6748768472906403,1.3631284916201116,2.21160409556314,0.5128205128205128,0,5.274694589877836
1.6978653530377668,1.3645251396648044,2.197952218430034,0.717948717948718,0,5.271902268760908
1.6748768472906403,1.3659217877094971,2.21160409556314,0.5128205128205128,0,5.2691099476439796
1.6978653530377668,1.36731843575419,2.197952218430034,0.717948717948718,0,5.266317626527051
1.7110016420361247,1.3687150837988828,2.2389078498293515,0.5128205128205128,0,5.263525305410122
1.7044334975369455,1.3701117318435754,2.2525597269624575,0.4102564102564102,0,5.260732984293194
1.7077175697865352,1.371508379888268,2.2525597269624575,0.5128205128205128,0,5.2579406631762655
1.7142857142857142,1.3729050279329609,2.266211604095563,0.6153846153846154,0,5.2551483420593375
1.7208538587848932,1.3743016759776536,2.279863481228669,0.717948717948718,0,5.2523560209424085
1.7110016420361247,1.3756983240223464,2.2935153583617747,0.6153846153846154,0,5.2495636998254795
1.7274220032840724,1.377094972067039,2.279863481228669,0.717948717948718,0,5.2467713787085515
1.7307060755336618,1.3784916201117317,2.2935153583617747,0.6153846153846154,0,5.243979057591623
1.7307060755336618,1.3798882681564246,2.2935153583617747,0.5128205128205128,0,5.2411867364746945
1.7274220032840724,1.3812849162011174,2.3071672354948807,0.6153846153846154,0,5.2383944153577655
1.7438423645320198,1.38268156424581,2.3071672354948807,0.717948717948718,0,5.2356020942408374
1.7372742200328408,1.3840782122905029,2.3208191126279862,0.717948717948718,0,5.232809773123909
1.7569786535303775,1.3854748603351954,2.3071672354948807,0.8205128205128205,0,5.230017452006981
1.7569786535303775,1.3868715083798882,2.2935153583617747,0.6153846153846154,0,5.227225130890052
1.7635467980295567,1.388268156424581,2.3208191126279862,0.717948717948718,0,5.224432809773123
1.7602627257799672,1.3896648044692737,2.3071672354948807,0.6153846153846154,0,5.221640488656195
1.7635467980295567,1.3910614525139666,2.279863481228669,0.717948717948718,0,5.218848167539267
1.7536945812807885,1.3924581005586594,2.266211604095563,0.6153846153846154,0,5.216055846422339
1.7799671592775042,1.393854748603352,2.279863481228669,0.8205128205128205,0,5.21326352530541
1.7799671592775042,1.3952513966480449,2.266211604095563,0.8205128205128205,0,5.210471204188481
1.7701149425287357,1.3966480446927374,2.2389078498293515,0.8205128205128205,0,5.207678883071553
1.7766830870279149,1.3980446927374302,2.2389078498293515,0.717948717948718,0,5.204886561954625
1.7701149425287357,1.399441340782123,2.2252559726962455,0.717948717948718,0,5.202094240837696
1.7799671592775042,1.4008379888268154,2.1843003412969284,0.8205128205128205,0,5.199301919720767
1.7733990147783252,1.4022346368715082,2.197952218430034,0.717948717948718,0,5.196509598603839
1.7733990147783252,1.4036312849162011,2.1706484641638224,0.6153846153846154,0,5.193717277486911
1.7766830870279149,1.405027932960894,2.1706484641638224,0.6153846153846154,0,5.190924956369983
1.7766830870279149,1.4064245810055866,2.156996587030717,0.8205128205128205,0,5.188132635253054
1.7799671592775042,1.4078212290502794,2.1296928327645053,0.8205128205128205,0,5.185340314136125
1.7898193760262726,1.409217877094972,2.1296928327645053,0.9230769230769232,0,5.182547993019197
1.793103448275862,1.410614525139665,2.1160409556313993,0.717948717948718,0,5.179755671902269
1.799671592775041,1.4120111731843574,2.1160409556313993,0.9230769230769232,0,5.176963350785341
1.7963875205254516,1.4134078212290502,2.0750853242320817,0.8205128205128205,0,5.174171029668412
1.7898193760262726,1.4148044692737431,2.0750853242320817,0.9230769230769232,0,5.171378708551483
1.793103448275862,1.416201117318436,2.0887372013651877,0.8205128205128205,0,5.168586387434555
1.80623973727422,1.4175977653631284,2.0750853242320817,0.9230769230769232,0,5.165794066317627
1.8095238095238095,1.4189944134078212,2.034129692832765,0.717948717948718,0,5.163001745200698
1.8292282430213465,1.420391061452514,2.061433447098976,1.0256410256410255,0,5.160209424083769
1.8226600985221677,1.421787709497207,2.0204778156996586,0.8205128205128205,0,5.157417102966841
1.8226600985221677,1.4231843575418994,2.0204778156996586,0.8205128205128205,0,5.154624781849913
1.832512315270936,1.424581005586592,2.034129692832765,0.8205128205128205,0,5.151832460732985
1.845648604269294,1.425977653631285,1.9795221843003412,1.1282051282051282,0,5.149040139616056
1.8522167487684729,1.4273743016759777,2.006825938566553,1.1282051282051282,0,5.146247818499127
1.832512315270936,1.4287709497206704,1.9658703071672352,1.0256410256410255,0,5.143455497382199
1.845648604269294,1.4301675977653632,1.9522184300341296,1.0256410256410255,0,5.140663176265271
1.8653530377668308,1.431564245810056,1.8976109215017063,1.1282051282051282,0,5.137870855148342
1.8489326765188832,1.4329608938547485,1.924914675767918,1.1282051282051282,0,5.135078534031414
1.8522167487684729,1.4343575418994412,1.9112627986348123,1.1282051282051282,0,5.132286212914485
1.8784893267651888,1.435754189944134,1.8839590443686007,1.3333333333333333,0,5.129493891797557
1.8850574712643675,1.4371508379888267,1.8839590443686007,1.2307692307692308,0,5.126701570680629
1.8784893267651888,1.4385474860335197,1.8430034129692832,1.3333333333333333,0,5.1239092495637
1.894909688013136,1.4399441340782124,1.8156996587030716,1.3333333333333333,0,5.121116928446771
1.8883415435139572,1.441340782122905,1.8020477815699656,1.3333333333333333,0,5.118324607329843
1.9146141215106731,1.4427374301675977,1.7747440273037542,1.2307692307692308,0,5.115532286212915
1.9014778325123152,1.4441340782122905,1.7610921501706485,1.5384615384615383,0,5.112739965095987
1.8981937602627257,1.4455307262569832,1.733788395904437,1.435897435897436,0,5.109947643979058
1.9014778325123152,1.446927374301676,1.6928327645051195,1.435897435897436,0,5.107155322862129
1.8981937602627257,1.4483240223463685,1.6928327645051195,1.5384615384615383,0,5.104363001745201
1.911330049261084,1.4497206703910617,1.6655290102389078,1.5384615384615383,0,5.101570680628273
1.9047619047619049,1.4511173184357542,1.651877133105802,1.5384615384615383,0,5.098778359511344
1.911330049261084,1.452513966480447,1.6245733788395904,1.641025641025641,0,5.095986038394416
1.908045977011494,1.4539106145251397,1.6109215017064846,1.3333333333333333,0,5.093193717277487
1.9146141215106731,1.4553072625698324,1.5699658703071673,1.641025641025641,0,5.0904013961605585
1.908045977011494,1.456703910614525,1.5426621160409557,1.7435897435897436,0,5.0876090750436305
1.8883415435139572,1.4581005586592175,1.52901023890785,1.641025641025641,0,5.0848167539267015
1.9014778325123152,1.4594972067039105,1.4744027303754266,1.435897435897436,0,5.082024432809773
1.894909688013136,1.4608938547486034,1.4061433447098977,1.435897435897436,0,5.0792321116928445
1.8817733990147785,1.4622905027932962,1.4061433447098977,1.7435897435897436,0,5.076439790575916
1.8653530377668308,1.463687150837989,1.392491467576792,1.7435897435897436,0,5.073647469458988
1.862068965517241,1.4650837988826817,1.3651877133105803,1.8461538461538465,0,5.070855148342059
1.8719211822660096,1.4664804469273742,1.3378839590443683,1.7435897435897436,0,5.0680628272251305
1.862068965517241,1.467877094972067,1.2969283276450512,1.8461538461538465,0,5.065270506108202
1.8357963875205257,1.4692737430167595,1.2969283276450512,1.7435897435897436,0,5.062478184991274
1.845648604269294,1.4706703910614525,1.2559726962457338,1.948717948717949,0,5.059685863874345
1.845648604269294,1.472067039106145,1.2559726962457338,1.948717948717949,0,5.056893542757417
1.832512315270936,1.473463687150838,1.2150170648464165,1.641025641025641,0,5.054101221640488
1.825944170771757,1.4748603351955307,1.2150170648464165,1.948717948717949,0,5.05130890052356
1.8292282430213465,1.4762569832402237,1.174061433447099,1.948717948717949,0,5.048516579406632
1.8226600985221677,1.4776536312849162,1.1604095563139931,2.051282051282051,0,5.045724258289703
1.7865353037766831,1.479050279329609,1.1604095563139931,1.948717948717949,0,5.042931937172774
1.799671592775041,1.4804469273743015,1.1194539249146758,1.948717948717949,0,5.040139616055846
1.7865353037766831,1.4818435754189945,1.1194539249146758,1.948717948717949,0,5.037347294938918
1.7701149425287357,1.483240223463687,1.0921501706484642,1.8461538461538465,0,5.03455497382199
1.7471264367816093,1.48463687150838,1.0784982935153584,1.8461538461538465,0,5.031762652705061
1.7602627257799672,1.4860335195530727,1.0784982935153584,1.7435897435897436,0,5.028970331588132
1.7307060755336618,1.4874301675977657,1.0102389078498293,2.051282051282051,0,5.026178010471204
1.7208538587848932,1.488826815642458,1.0511945392491469,2.051282051282051,0,5.023385689354276
1.7142857142857142,1.4902234636871508,0.9965870307167236,1.948717948717949,0,5.020593368237347
1.7011494252873562,1.4916201117318435,0.9829351535836176,2.051282051282051,0,5.017801047120418
1.6945812807881773,1.4930167597765365,0.955631399317406,2.051282051282051,0,5.01500872600349
1.6781609195402298,1.494413407821229,0.9283276450511946,2.051282051282051,0,5.012216404886562
1.651888341543514,1.495810055865922,0.9146757679180888,2.051282051282051,0,5.009424083769634
1.6420361247947457,1.4972067039106145,0.8737201365187713,1.8461538461538465,0,5.006631762652705
1.6091954022988506,1.4986033519553073,0.8600682593856656,2.1538461538461537,0,5.003839441535776
1.5960591133004929,1.5,0.8600682593856656,2.1538461538461537,0,5.001047120418848
1.599343185550082,1.5013966480446927,0.8600682593856656,2.1538461538461537,0,4.99825479930192
1.5632183908045978,1.5027932960893855,0.8191126279863481,2.051282051282051,0,4.995462478184992
1.553366174055829,1.504189944134078,0.8327645051194539,2.1538461538461537,0,4.992670157068063
1.5336617405582922,1.5055865921787708,0.7918088737201365,2.2564102564102564,0,4.989877835951134
1.5205254515599342,1.5069832402234635,0.7918088737201365,1.948717948717949,0,4.987085514834206
1.5106732348111658,1.5083798882681565,0.7781569965870307,2.2564102564102564,0,4.984293193717278
1.500821018062397,1.5097765363128492,0.764505119453925,2.1538461538461537,0,4.981500872600349
1.4811165845648604,1.511173184357542,0.764505119453925,2.051282051282051,0,4.97870855148342
1.4745484400656814,1.5125698324022343,0.7098976109215017,2.2564102564102564,0,4.975916230366492
1.451559934318555,1.5139664804469273,0.7235494880546075,2.1538461538461537,0,4.973123909249564
1.4417077175697866,1.51536312849162,0.7098976109215017,2.1538461538461537,0,4.970331588132636
1.4351395730706076,1.5167597765363128,0.6825938566552902,2.2564102564102564,0,4.967539267015707
1.4055829228243022,1.5181564245810055,0.6825938566552902,2.2564102564102564,0,4.964746945898778
1.3990147783251232,1.5195530726256985,0.6552901023890785,2.2564102564102564,0,4.96195462478185
1.3858784893267653,1.520949720670391,0.6416382252559727,2.2564102564102564,0,4.959162303664922
1.3596059113300492,1.5223463687150838,0.5870307167235495,2.358974358974359,0,4.956369982547994
1.3399014778325122,1.5237430167597763,0.5870307167235495,2.358974358974359,0,4.953577661431065
1.3136288998357963,1.5251396648044693,0.6006825938566553,2.358974358974359,0,4.950785340314136
1.2873563218390804,1.526536312849162,0.5460750853242321,2.4615384615384617,0,4.947993019197208
1.2807881773399017,1.5279329608938546,0.5460750853242321,2.5641025641025643,0,4.94520069808028
1.2545155993431856,1.5293296089385473,0.5324232081911263,2.358974358974359,0,4.942408376963351
1.2282430213464697,1.5307262569832405,0.5187713310580204,2.5641025641025643,0,4.939616055846422
1.2019704433497538,1.532122905027933,0.5051194539249146,2.358974358974359,0,4.936823734729494
1.1855500821018063,1.5335195530726258,0.4914675767918088,2.4615384615384617,0,4.934031413612566
1.1559934318555007,1.5349162011173183,0.4505119453924914,2.4615384615384617,0,4.9312390924956375
1.1395730706075533,1.536312849162011,0.4505119453924914,2.4615384615384617,0,4.928446771378709
1.1297208538587848,1.5377094972067038,0.4232081911262799,2.5641025641025643,0,4.92565445026178
1.1067323481116584,1.5391061452513966,0.409556313993174,2.769230769230769,0,4.9228621291448516
1.083743842364532,1.5405027932960893,0.4232081911262799,2.769230769230769,0,4.9200698080279235
1.0738916256157636,1.541899441340782,0.3822525597269625,2.769230769230769,0,4.917277486910995
1.0476190476190477,1.543296089385475,0.3686006825938566,2.6666666666666665,0,4.9144851657940665
1.0410509031198687,1.5446927374301676,0.3549488054607508,2.871794871794872,0,4.9116928446771375
1.0213464696223318,1.5460893854748603,0.3686006825938566,2.9743589743589745,0,4.9089005235602095
1.0016420361247949,1.547486033519553,0.3412969283276451,3.076923076923077,0,4.906108202443281
0.9852216748768472,1.5488826815642458,0.3139931740614334,2.9743589743589745,0,4.903315881326352
0.9786535303776684,1.5502793296089383,0.3139931740614334,3.076923076923077,0,4.9005235602094235
0.955665024630542,1.551675977653631,0.2866894197952218,3.1794871794871793,0,4.897731239092495
0.9490968801313628,1.5530726256983238,0.2866894197952218,3.076923076923077,0,4.894938917975567
0.929392446633826,1.5544692737430168,0.273037542662116,3.076923076923077,0,4.892146596858639
0.916256157635468,1.5558659217877095,0.2320819112627986,3.3846153846153846,0,4.88935427574171
0.896551724137931,1.5572625698324023,0.1911262798634812,3.3846153846153846,0,4.886561954624781
0.8834154351395731,1.558659217877095,0.2320819112627986,3.1794871794871793,0,4.883769633507853
0.8735632183908046,1.5600558659217876,0.2320819112627986,3.1794871794871793,0,4.880977312390925
0.8604269293924466,1.5614525139664803,0.2184300341296928,3.3846153846153846,0,4.878184991273996
0.8505747126436781,1.562849162011173,0.2184300341296928,3.282051282051282,0,4.875392670157068
0.8341543513957307,1.5642458100558658,0.204778156996587,3.282051282051282,0,4.872600349040139
0.8177339901477833,1.5656424581005588,0.204778156996587,3.282051282051282,0,4.869808027923211
0.8078817733990148,1.5670391061452515,0.2184300341296928,3.1794871794871793,0,4.867015706806283
0.7848932676518884,1.568435754189944,0.1911262798634812,3.4871794871794872,0,4.864223385689354
0.7750410509031199,1.5698324022346368,0.136518771331058,3.1794871794871793,0,4.861431064572425
0.7684729064039408,1.5712290502793296,0.1638225255972696,3.3846153846153846,0,4.858638743455497
0.7520525451559934,1.5726256983240223,0.1774744027303754,3.58974358974359,0,4.855846422338569
0.7454844006568144,1.574022346368715,0.1638225255972696,3.4871794871794872,0,4.853054101221641
0.7323481116584565,1.5754189944134076,0.1501706484641638,3.58974358974359,0,4.850261780104712
0.7192118226600985,1.5768156424581004,0.1228668941979522,3.58974358974359,0,4.847469458987783
0.7060755336617406,1.578212290502793,0.136518771331058,3.692307692307693,0,4.844677137870855
0.6929392446633826,1.579608938547486,0.136518771331058,3.692307692307693,0,4.841884816753927
0.6798029556650246,1.5810055865921788,0.1228668941979522,3.692307692307693,0,4.839092495636998
0.6765188834154351,1.5824022346368716,0.1092150170648464,3.7948717948717943,0,4.83630017452007
0.6633825944170771,1.583798882681564,0.1228668941979522,3.692307692307693,0,4.833507853403141
0.6502463054187192,1.5851955307262569,0.1092150170648464,3.4871794871794872,0,4.830715532286213
0.6436781609195402,1.5865921787709496,0.1092150170648464,3.7948717948717943,0,4.827923211169285
0.6272577996715928,1.5879888268156424,0.1092150170648464,3.7948717948717943,0,4.825130890052356
0.6206896551724138,1.589385474860335,0.0955631399317406,3.7948717948717943,0,4.822338568935427
0.6108374384236454,1.590782122905028,0.0955631399317406,3.692307692307693,0,4.819546247818499
0.6009852216748769,1.5921787709497206,0.0546075085324232,3.7948717948717943,0,4.816753926701571
0.5944170771756979,1.5935754189944134,0.068259385665529,3.897435897435898,0,4.813961605584643
0.5812807881773399,1.594972067039106,0.068259385665529,3.7948717948717943,0,4.811169284467714
0.5648604269293924,1.5963687150837989,0.068259385665529,3.897435897435898,0,4.808376963350785
0.5517241379310345,1.5977653631284916,0.0546075085324232,3.7948717948717943,0,4.805584642233857
0.5385878489326765,1.599162011173184,0.0546075085324232,3.897435897435898,0,4.802792321116929
0.5254515599343186,1.600558659217877,0.0273037542662116,4.0,0,4.8
0.5090311986863711,1.6019553072625698,0.068259385665529,3.897435897435898,0,4.797207678883072
0.4926108374384236,1.6033519553072626,0.0546075085324232,4.0,0,4.794415357766143
0.4794745484400657,1.6047486033519551,0.0546075085324232,3.897435897435898,0,4.791623036649215
0.4663382594417077,1.606145251396648,0.0546075085324232,3.692307692307693,0,4.788830715532287
0.4499178981937602,1.6075418994413406,0.0136518771331058,4.0,0,4.786038394415358
0.4269293924466338,1.6089385474860334,0.0409556313993174,3.897435897435898,0,4.783246073298429
0.4236453201970443,1.610335195530726,0.0546075085324232,3.897435897435898,0,4.780453752181501
0.4170771756978653,1.6117318435754189,0.0,3.897435897435898,0,4.777661431064573
0.4006568144499179,1.6131284916201118,0.0409556313993174,3.692307692307693,0,4.774869109947645
0.3908045977011494,1.6145251396648046,0.0409556313993174,4.0,0,4.772076788830716
0.3842364532019704,1.6159217877094971,0.0409556313993174,3.692307692307693,0,4.769284467713787
0.3743842364532019,1.61731843575419,0.0409556313993174,3.7948717948717943,0,4.766492146596859
0.3711001642036124,1.6187150837988826,0.0546075085324232,3.897435897435898,0,4.7636998254799305
0.354679802955665,1.6201117318435754,0.0546075085324232,4.0,0,4.760907504363002
0.354679802955665,1.621508379888268,0.0546075085324232,3.58974358974359,0,4.758115183246073
0.3448275862068966,1.6229050279329609,0.0546075085324232,3.7948717948717943,0,4.755322862129145
0.3448275862068966,1.6243016759776536,0.0546075085324232,3.897435897435898,0,4.7525305410122165
0.3316912972085385,1.6256983240223464,0.068259385665529,3.692307692307693,0,4.749738219895288
0.3251231527093596,1.6270949720670391,0.0546075085324232,3.7948717948717943,0,4.7469458987783595
0.3185550082101806,1.628491620111732,0.0273037542662116,3.692307692307693,0,4.7441535776614305
0.3054187192118227,1.6298882681564246,0.068259385665529,3.692307692307693,0,4.7413612565445025
0.2955665024630542,1.6312849162011172,0.0819112627986348,3.7948717948717943,0,4.738568935427574
0.2922824302134647,1.63268156424581,0.0819112627986348,3.7948717948717943,0,4.735776614310646
0.2824302134646962,1.6340782122905029,0.0955631399317406,3.692307692307693,0,4.732984293193717
0.2758620689655172,1.6354748603351956,0.0819112627986348,3.58974358974359,0,4.730191972076788
0.2627257799671593,1.6368715083798884,0.1092150170648464,3.692307692307693,0,4.72739965095986
0.2528735632183908,1.6382681564245811,0.1092150170648464,3.4871794871794872,0,4.724607329842932
0.2528735632183908,1.6396648044692737,0.1092150170648464,3.7948717948717943,0,4.721815008726003
0.2397372742200328,1.6410614525139664,0.1228668941979522,3.692307692307693,0,4.719022687609074
0.2331691297208538,1.6424581005586592,0.1228668941979522,3.58974358974359,0,4.716230366492146
0.2266009852216748,1.643854748603352,0.1228668941979522,3.692307692307693,0,4.713438045375218
0.2200328407224959,1.6452513966480449,0.1501706484641638,3.4871794871794872,0,4.71064572425829
0.2134646962233169,1.6466480446927372,0.1501706484641638,3.4871794871794872,0,4.707853403141361
0.2068965517241379,1.6480446927374302,0.1638225255972696,3.3846153846153846,0,4.705061082024432
0.1970443349753694,1.649441340782123,0.1638225255972696,3.282051282051282,0,4.702268760907504
0.1937602627257799,1.6508379888268156,0.1638225255972696,3.58974358974359,0,4.699476439790576
0.1904761904761904,1.6522346368715084,0.1911262798634812,3.4871794871794872,0,4.696684118673648
0.180623973727422,1.6536312849162011,0.204778156996587,3.1794871794871793,0,4.693891797556719
0.1773399014778325,1.6550279329608937,0.204778156996587,3.3846153846153846,0,4.69109947643979
0.1707717569786535,1.6564245810055864,0.1911262798634812,3.1794871794871793,0,4.688307155322862
0.167487684729064,1.6578212290502792,0.204778156996587,3.282051282051282,0,4.685514834205934
0.160919540229885,1.659217877094972,0.2184300341296928,3.282051282051282,0,4.682722513089005
0.160919540229885,1.660614525139665,0.2320819112627986,3.3846153846153846,0,4.679930191972076
0.154351395730706,1.6620111731843576,0.2320819112627986,3.4871794871794872,0,4.677137870855148
0.1477832512315271,1.6634078212290502,0.2457337883959044,3.3846153846153846,0,4.67434554973822
0.1346469622331691,1.664804469273743,0.2184300341296928,3.3846153846153846,0,4.671553228621292
0.1379310344827586,1.6662011173184357,0.2593856655290102,3.4871794871794872,0,4.668760907504363
0.1346469622331691,1.6675977653631284,0.2457337883959044,3.4871794871794872,0,4.665968586387434
0.1280788177339901,1.6689944134078212,0.2593856655290102,3.58974358974359,0,4.663176265270506
0.1215106732348111,1.670391061452514,0.2457337883959044,3.4871794871794872,0,4.660383944153578
0.1182266009852216,1.671787709497207,0.273037542662116,3.58974358974359,0,4.65759162303665
0.1149425287356321,1.6731843575418994,0.2593856655290102,3.58974358974359,0,4.654799301919721
0.1050903119868637,1.6745810055865922,0.2593856655290102,3.58974358974359,0,4.652006980802792
0.1050903119868637,1.675977653631285,0.2320819112627986,3.4871794871794872,0,4.649214659685864
0.1050903119868637,1.6773743016759777,0.3139931740614334,3.58974358974359,0,4.646422338568936
0.0985221674876847,1.6787709497206702,0.3003412969283277,3.58974358974359,0,4.643630017452007
0.0952380952380952,1.680167597765363,0.3276450511945392,3.58974358974359,0,4.640837696335078
0.0919540229885057,1.6815642458100557,0.3003412969283277,3.692307692307693,0,4.63804537521815
0.0919540229885057,1.682960893854749,0.3139931740614334,3.58974358974359,0,4.635253054101222
0.0886699507389162,1.6843575418994414,0.3003412969283277,3.4871794871794872,0,4.632460732984294
0.0886699507389162,1.6857541899441342,0.3412969283276451,3.4871794871794872,0,4.629668411867365
0.0886699507389162,1.6871508379888267,0.3276450511945392,3.58974358974359,0,4.626876090750436
0.0821018062397372,1.6885474860335197,0.3139931740614334,3.58974358974359,0,4.624083769633508
0.0886699507389162,1.6899441340782122,0.3549488054607508,3.7948717948717943,0,4.62129144851658
0.0821018062397372,1.691340782122905,0.3139931740614334,3.4871794871794872,0,4.618499127399651
0.0853858784893267,1.6927374301675977,0.3276450511945392,3.692307692307693,0,4.615706806282723
0.0788177339901477,1.694134078212291,0.3549488054607508,3.692307692307693,0,4.612914485165794
0.0821018062397372,1.6955307262569832,0.3412969283276451,3.692307692307693,0,4.610122164048866
0.0755336617405583,1.696927374301676,0.3686006825938566,3.58974358974359,0,4.607329842931938
0.0821018062397372,1.6983240223463687,0.3412969283276451,3.692307692307693,0,4.604537521815009
0.0755336617405583,1.6997206703910617,0.3412969283276451,3.692307692307693,0,4.60174520069808
0.0755336617405583,1.7011173184357542,0.3686006825938566,3.692307692307693,0,4.598952879581152
0.0722495894909688,1.7025139664804467,0.3549488054607508,3.4871794871794872,0,4.596160558464224
0.0755336617405583,1.7039106145251397,0.3549488054607508,3.58974358974359,0,4.5933682373472955
0.0656814449917898,1.7053072625698324,0.3822525597269625,3.7948717948717943,0,4.5905759162303665
0.0689655172413793,1.7067039106145252,0.3549488054607508,3.4871794871794872,0,4.587783595113438
0.0722495894909688,1.708100558659218,0.3686006825938566,3.692307692307693,0,4.5849912739965095
0.0722495894909688,1.7094972067039107,0.3822525597269625,3.692307692307693,0,4.5821989528795815
0.0656814449917898,1.7108938547486032,0.3549488054607508,3.692307692307693,0,4.5794066317626525
0.0656814449917898,1.712290502793296,0.3686006825938566,3.7948717948717943,0,4.576614310645724
0.0689655172413793,1.7136871508379887,0.3549488054607508,3.7948717948717943,0,4.5738219895287955
0.0722495894909688,1.7150837988826817,0.3549488054607508,3.7948717948717943,0,4.571029668411867
0.0656814449917898,1.7164804469273742,0.3686006825938566,3.58974358974359,0,4.568237347294939
0.0623973727422003,1.7178770949720672,0.3822525597269625,3.897435897435898,0,4.56544502617801
0.0656814449917898,1.7192737430167595,0.3686006825938566,3.7948717948717943,0,4.5626527050610814
0.0623973727422003,1.7206703910614525,0.3822525597269625,3.7948717948717943,0,4.559860383944153
0.0558292282430213,1.7220670391061452,0.3822525597269625,3.7948717948717943,0,4.557068062827225
0.0558292282430213,1.723463687150838,0.3822525597269625,3.692307692307693,0,4.554275741710297
0.0492610837438423,1.7248603351955307,0.409556313993174,3.7948717948717943,0,4.551483420593368
0.0459770114942528,1.7262569832402233,0.3822525597269625,3.58974358974359,0,4.548691099476439
0.0492610837438423,1.727653631284916,0.3959044368600682,3.897435897435898,0,4.545898778359511
0.0525451559934318,1.729050279329609,0.3822525597269625,3.7948717948717943,0,4.543106457242583
0.0492610837438423,1.7304469273743015,0.409556313993174,3.7948717948717943,0,4.540314136125654
0.0459770114942528,1.7318435754189945,0.3959044368600682,3.58974358974359,0,4.537521815008726
0.0492610837438423,1.7332402234636872,0.409556313993174,3.897435897435898,0,4.534729493891797
0.0525451559934318,1.7346368715083798,0.3959044368600682,3.897435897435898,0,4.531937172774869
0.0525451559934318,1.7360335195530725,0.409556313993174,3.692307692307693,0,4.529144851657941
0.0525451559934318,1.7374301675977653,0.3959044368600682,3.7948717948717943,0,4.526352530541012
0.0459770114942528,1.738826815642458,0.409556313993174,3.7948717948717943,0,4.523560209424083
0.0492610837438423,1.740223463687151,0.3959044368600682,3.7948717948717943,0,4.520767888307155
0.0492610837438423,1.7416201117318435,0.3959044368600682,3.7948717948717943,0,4.517975567190227
0.0394088669950738,1.7430167597765365,0.3959044368600682,3.897435897435898,0,4.515183246073299
0.0492610837438423,1.744413407821229,0.4368600682593856,3.7948717948717943,0,4.51239092495637
0.0361247947454844,1.7458100558659218,0.4505119453924914,3.7948717948717943,0,4.509598603839441
0.0459770114942528,1.7472067039106145,0.4232081911262799,3.7948717948717943,0,4.506806282722513
0.0394088669950738,1.7486033519553073,0.4641638225255973,3.7948717948717943,0,4.504013961605585
0.0295566502463054,1.7499999999999998,0.4778156996587031,3.4871794871794872,0,4.501221640488656
0.0394088669950738,1.7513966480446923,0.5187713310580204,3.692307692307693,0,4.498429319371728
0.0394088669950738,1.7527932960893855,0.4778156996587031,3.7948717948717943,0,4.495636998254799
0.0328407224958949,1.7541899441340782,0.5051194539249146,3.58974358974359,0,4.492844677137871
0.0361247947454844,1.755586592178771,0.5460750853242321,3.4871794871794872,0,4.490052356020943
0.0295566502463054,1.7569832402234635,0.5324232081911263,3.58974358974359,0,4.487260034904014
0.0328407224958949,1.7583798882681565,0.5324232081911263,3.58974358974359,0,4.484467713787085
0.0328407224958949,1.759776536312849,0.5597269624573379,3.4871794871794872,0,4.481675392670157
0.0295566502463054,1.7611731843575418,0.5597269624573379,3.282051282051282,0,4.478883071553229
0.0295566502463054,1.7625698324022343,0.5733788395904437,3.4871794871794872,0,4.476090750436301
0.0295566502463054,1.7639664804469275,0.6006825938566553,3.3846153846153846,0,4.473298429319372
0.0361247947454844,1.7653631284916202,0.6143344709897611,3.3846153846153846,0,4.470506108202443
0.0262725779967159,1.7667597765363128,0.6143344709897611,3.3846153846153846,0,4.467713787085515
0.0328407224958949,1.7681564245810055,0.6279863481228669,3.282051282051282,0,4.464921465968587
0.0262725779967159,1.7695530726256985,0.6416382252559727,3.3846153846153846,0,4.462129144851658
0.0328407224958949,1.770949720670391,0.6552901023890785,3.3846153846153846,0,4.459336823734729
0.0295566502463054,1.7723463687150838,0.6416382252559727,3.282051282051282,0,4.456544502617801
0.0295566502463054,1.7737430167597763,0.6552901023890785,3.282051282051282,0,4.453752181500873
0.0295566502463054,1.7751396648044693,0.6689419795221843,3.076923076923077,0,4.450959860383945
0.0295566502463054,1.776536312849162,0.6825938566552902,3.1794871794871793,0,4.448167539267016
0.0262725779967159,1.7779329608938548,0.7098976109215017,3.1794871794871793,0,4.445375218150087
0.0229885057471264,1.7793296089385475,0.6962457337883959,3.076923076923077,0,4.442582897033159
0.0295566502463054,1.7807262569832405,0.7372013651877133,2.9743589743589745,0,4.439790575916231
0.0229885057471264,1.7821229050279328,0.7372013651877133,3.1794871794871793,0,4.4369982547993025
0.0295566502463054,1.7835195530726256,0.764505119453925,2.871794871794872,0,4.434205933682374
0.0262725779967159,1.7849162011173183,0.7372013651877133,3.076923076923077,0,4.431413612565445
0.0262725779967159,1.786312849162011,0.7508532423208191,2.871794871794872,0,4.428621291448517
0.0295566502463054,1.787709497206704,0.8054607508532423,3.1794871794871793,0,4.4258289703315885
0.0229885057471264,1.7891061452513968,0.8054607508532423,2.871794871794872,0,4.4230366492146596
0.0262725779967159,1.7905027932960893,0.8327645051194539,3.076923076923077,0,4.420244328097731
0.0197044334975369,1.791899441340782,0.8327645051194539,2.9743589743589745,0,4.4174520069808025
0.0229885057471264,1.7932960893854748,0.8191126279863481,2.9743589743589745,0,4.4146596858638745
0.0229885057471264,1.7946927374301676,0.8464163822525598,2.871794871794872,0,4.411867364746946
0.0262725779967159,1.7960893854748603,0.8464163822525598,2.871794871794872,0,4.4090750436300175
0.0262725779967159,1.7974860335195528,0.8327645051194539,2.769230769230769,0,4.4062827225130885
0.0262725779967159,1.7988826815642458,0.8327645051194539,2.871794871794872,0,4.40349040139616
0.0229885057471264,1.8002793296089383,0.8737201365187713,2.9743589743589745,0,4.400698080279232
0.0295566502463054,1.8016759776536313,0.8737201365187713,2.871794871794872,0,4.397905759162304
0.0262725779967159,1.803072625698324,0.8191126279863481,2.871794871794872,0,4.395113438045375
0.0262725779967159,1.8044692737430168,0.8873720136518771,2.9743589743589745,0,4.392321116928446
0.0164203612479474,1.805865921787709,0.8737201365187713,2.5641025641025643,0,4.389528795811518
0.0197044334975369,1.807262569832402,0.8737201365187713,2.769230769230769,0,4.38673647469459
0.0262725779967159,1.8086592178770948,0.9010238907849828,2.871794871794872,0,4.383944153577661
0.0262725779967159,1.810055865921788,0.9283276450511946,2.871794871794872,0,4.381151832460732
0.0197044334975369,1.8114525139664803,0.9419795221843004,2.769230769230769,0,4.378359511343804
0.0262725779967159,1.8128491620111733,0.9283276450511946,2.6666666666666665,0,4.375567190226876
0.0197044334975369,1.8142458100558656,0.969283276450512,2.871794871794872,0,4.372774869109948
0.0197044334975369,1.8156424581005584,0.969283276450512,2.769230769230769,0,4.369982547993019
0.0262725779967159,1.817039106145251,0.955631399317406,2.769230769230769,0,4.36719022687609
0.0197044334975369,1.818435754189944,0.969283276450512,2.5641025641025643,0,4.364397905759162
0.0197044334975369,1.8198324022346368,1.023890784982935,2.871794871794872,0,4.361605584642234
0.0229885057471264,1.8212290502793296,1.023890784982935,2.5641025641025643,0,4.358813263525306
0.0229885057471264,1.8226256983240223,1.0102389078498293,2.769230769230769,0,4.356020942408377
0.0229885057471264,1.824022346368715,1.0511945392491469,2.6666666666666665,0,4.353228621291448
0.0229885057471264,1.825418994413408,1.0648464163822526,2.5641025641025643,0,4.35043630017452
0.0229885057471264,1.8268156424581008,1.0375426621160408,2.769230769230769,0,4.347643979057592
0.0262725779967159,1.828212290502793,1.0784982935153584,2.6666666666666665,0,4.344851657940663
0.0229885057471264,1.829608938547486,1.0648464163822526,2.6666666666666665,0,4.342059336823734
0.0197044334975369,1.8310055865921784,1.0921501706484642,2.6666666666666665,0,4.339267015706806
0.0197044334975369,1.8324022346368711,1.0784982935153584,2.358974358974359,0,4.336474694589878
0.0229885057471264,1.8337988826815643,1.0921501706484642,2.358974358974359,0,4.33368237347295
0.0164203612479474,1.835195530726257,1.10580204778157,2.5641025641025643,0,4.330890052356021
0.0262725779967159,1.8365921787709496,1.1194539249146758,2.5641025641025643,0,4.328097731239092
0.0229885057471264,1.8379888268156424,1.1331058020477816,2.5641025641025643,0,4.325305410122164
0.0262725779967159,1.839385474860335,1.1467576791808871,2.5641025641025643,0,4.322513089005236
0.0229885057471264,1.840782122905028,1.1331058020477816,2.5641025641025643,0,4.319720767888307
0.0229885057471264,1.8421787709497208,1.1331058020477816,2.4615384615384617,0,4.316928446771379
0.0229885057471264,1.8435754189944136,1.1467576791808871,2.5641025641025643,0,4.31413612565445
0.0262725779967159,1.8449720670391063,1.1331058020477816,2.4615384615384617,0,4.311343804537522
0.0197044334975369,1.8463687150837989,1.1467576791808871,2.5641025641025643,0,4.308551483420594
0.0262725779967159,1.8477653631284916,1.187713310580205,2.5641025641025643,0,4.305759162303665
0.0131362889983579,1.8491620111731844,1.1604095563139931,2.4615384615384617,0,4.302966841186736
0.0229885057471264,1.850558659217877,1.2013651877133107,2.5641025641025643,0,4.300174520069808
0.0164203612479474,1.8519553072625696,1.1604095563139931,2.4615384615384617,0,4.29738219895288
0.0262725779967159,1.8533519553072624,1.2013651877133107,2.5641025641025643,0,4.294589877835952
0.0229885057471264,1.8547486033519551,1.2150170648464165,2.4615384615384617,0,4.291797556719023
0.0262725779967159,1.856145251396648,1.2286689419795225,2.5641025641025643,0,4.289005235602094
0.0229885057471264,1.8575418994413408,1.2150170648464165,2.358974358974359,0,4.286212914485166
0.0197044334975369,1.8589385474860336,1.2286689419795225,2.358974358974359,0,4.283420593368238
0.0229885057471264,1.8603351955307263,1.242320819112628,2.5641025641025643,0,4.280628272251309
0.0229885057471264,1.8617318435754189,1.2559726962457338,2.358974358974359,0,4.277835951134381
0.0197044334975369,1.8631284916201116,1.2559726962457338,2.4615384615384617,0,4.275043630017452
0.0131362889983579,1.8645251396648044,1.2696245733788396,2.4615384615384617,0,4.272251308900524
0.0229885057471264,1.8659217877094971,1.2559726962457338,2.2564102564102564,0,4.269458987783596
0.0229885057471264,1.86731843575419,1.2832764505119454,2.4615384615384617,0,4.266666666666667
0.0164203612479474,1.8687150837988828,1.2832764505119454,2.4615384615384617,0,4.263874345549738
0.0197044334975369,1.8701117318435752,1.2696245733788396,2.358974358974359,0,4.26108202443281
0.0197044334975369,1.871508379888268,1.2969283276450512,2.5641025641025643,0,4.2582897033158815
0.0131362889983579,1.8729050279329609,1.2969283276450512,2.358974358974359,0,4.2554973821989535
0.0229885057471264,1.8743016759776536,1.2832764505119454,2.5641025641025643,0,4.2527050610820245
0.0197044334975369,1.8756983240223464,1.2832764505119454,2.4615384615384617,0,4.249912739965096
0.0164203612479474,1.877094972067039,1.310580204778157,2.4615384615384617,0,4.2471204188481675
0.0197044334975369,1.8784916201117317,1.310580204778157,2.5641025641025643,0,4.244328097731239
0.0197044334975369,1.8798882681564248,1.2832764505119454,2.5641025641025643,0,4.2415357766143105
0.0098522167487684,1.8812849162011176,1.3242320819112627,2.5641025641025643,0,4.238743455497382
0.0131362889983579,1.88268156424581,1.3242320819112627,2.5641025641025643,0,4.2359511343804535
0.0098522167487684,1.8840782122905029,1.3242320819112627,2.4615384615384617,0,4.233158813263525
0.0131362889983579,1.8854748603351952,1.3242320819112627,2.5641025641025643,0,4.230366492146597
0.0131362889983579,1.886871508379888,1.3242320819112627,2.6666666666666665,0,4.227574171029668
0.0164203612479474,1.888268156424581,1.3378839590443683,2.6666666666666665,0,4.224781849912739
0.0131362889983579,1.8896648044692737,1.3515358361774743,2.6666666666666665,0,4.221989528795811
0.0098522167487684,1.8910614525139664,1.3242320819112627,2.6666666666666665,0,4.219197207678883
0.0131362889983579,1.8924581005586592,1.3378839590443683,2.6666666666666665,0,4.216404886561955
0.0,1.893854748603352,1.3242320819112627,2.5641025641025643,0,4.213612565445026
0.0131362889983579,1.8952513966480449,1.3515358361774743,2.6666666666666665,0,4.210820244328097
0.0098522167487684,1.8966480446927376,1.3378839590443683,2.6666666666666665,0,4.208027923211169
0.0131362889983579,1.8980446927374304,1.378839590443686,2.769230769230769,0,4.205235602094241
0.0098522167487684,1.899441340782123,1.3651877133105803,2.769230769230769,0,4.202443280977312
0.0098522167487684,1.9008379888268152,1.3515358361774743,2.769230769230769,0,4.199650959860383
0.0032840722495894,1.902234636871508,1.3651877133105803,2.6666666666666665,0,4.196858638743455
0.0098522167487684,1.9036312849162011,1.378839590443686,2.6666666666666665,0,4.194066317626527
0.0065681444991789,1.905027932960894,1.4061433447098977,2.769230769230769,0,4.191273996509599
0.0065681444991789,1.9064245810055864,1.392491467576792,2.769230769230769,0,4.18848167539267
0.0065681444991789,1.9078212290502792,1.4061433447098977,2.769230769230769,0,4.185689354275741
0.0065681444991789,1.909217877094972,1.4061433447098977,2.769230769230769,0,4.182897033158813
0.0032840722495894,1.910614525139665,1.4197952218430034,2.769230769230769,0,4.180104712041885
0.0065681444991789,1.9120111731843576,1.4197952218430034,2.769230769230769,0,4.177312390924957
0.0098522167487684,1.9134078212290504,1.4197952218430034,2.769230769230769,0,4.174520069808028
0.0065681444991789,1.9148044692737431,1.4334470989761092,2.6666666666666665,0,4.171727748691099
0.0065681444991789,1.916201117318436,1.447098976109215,2.6666666666666665,0,4.168935427574171
0.0065681444991789,1.9175977653631284,1.447098976109215,2.5641025641025643,0,4.166143106457243
0.0032840722495894,1.9189944134078212,1.4334470989761092,2.769230769230769,0,4.163350785340314
0.0098522167487684,1.920391061452514,1.447098976109215,2.5641025641025643,0,4.160558464223385
0.0065681444991789,1.921787709497207,1.4607508532423208,2.769230769230769,0,4.157766143106457
0.0032840722495894,1.9231843575418992,1.4607508532423208,2.6666666666666665,0,4.154973821989529
0.0032840722495894,1.924581005586592,1.447098976109215,2.769230769230769,0,4.152181500872601
0.0032840722495894,1.9259776536312847,1.447098976109215,2.769230769230769,0,4.149389179755672
0.0098522167487684,1.9273743016759777,1.4334470989761092,2.6666666666666665,0,4.146596858638743
0.0032840722495894,1.9287709497206704,1.4744027303754266,2.769230769230769,0,4.143804537521815
0.0065681444991789,1.9301675977653632,1.4607508532423208,2.5641025641025643,0,4.141012216404887
0.0032840722495894,1.931564245810056,1.447098976109215,2.769230769230769,0,4.138219895287959
0.0032840722495894,1.9329608938547485,1.4334470989761092,2.6666666666666665,0,4.13542757417103
0.0098522167487684,1.9343575418994412,1.4607508532423208,2.5641025641025643,0,4.132635253054101
0.0098522167487684,1.935754189944134,1.447098976109215,2.6666666666666665,0,4.129842931937173
0.0032840722495894,1.9371508379888267,1.4607508532423208,2.6666666666666665,0,4.127050610820245
0.0,1.9385474860335197,1.4607508532423208,2.769230769230769,0,4.124258289703316
0.0065681444991789,1.9399441340782124,1.4607508532423208,2.6666666666666665,0,4.121465968586387
0.0,1.941340782122905,1.447098976109215,2.5641025641025643,0,4.118673647469459
0.0131362889983579,1.9427374301675977,1.4744027303754266,2.6666666666666665,0,4.115881326352531
0.0065681444991789,1.9441340782122905,1.4744027303754266,2.6666666666666665,0,4.113089005235603
0.0098522167487684,1.9455307262569832,1.4607508532423208,2.6666666666666665,0,4.110296684118674
0.0065681444991789,1.946927374301676,1.4607508532423208,2.6666666666666665,0,4.107504363001745
0.0065681444991789,1.9483240223463685,1.4744027303754266,2.6666666666666665,0,4.104712041884817
0.0065681444991789,1.9497206703910617,1.447098976109215,2.6666666666666665,0,4.101919720767889
0.0131362889983579,1.9511173184357544,1.4607508532423208,2.5641025641025643,0,4.0991273996509605
0.0098522167487684,1.952513966480447,1.4880546075085324,2.5641025641025643,0,4.096335078534032
0.0131362889983579,1.9539106145251397,1.4880546075085324,2.6666666666666665,0,4.093542757417103
0.0131362889983579,1.9553072625698324,1.515358361774744,2.6666666666666665,0,4.0907504363001745
0.0098522167487684,1.956703910614525,1.515358361774744,2.4615384615384617,0,4.0879581151832465
0.0164203612479474,1.9581005586592175,1.52901023890785,2.6666666666666665,0,4.0851657940663175
0.0131362889983579,1.9594972067039105,1.52901023890785,2.5641025641025643,0,4.082373472949389
0.0032840722495894,1.9608938547486032,1.52901023890785,2.5641025641025643,0,4.0795811518324605
0.0131362889983579,1.962290502793296,1.52901023890785,2.2564102564102564,0,4.076788830715532
0.0164203612479474,1.963687150837989,1.5426621160409557,2.6666666666666665,0,4.073996509598604
0.0131362889983579,1.9650837988826817,1.5426621160409557,2.4615384615384617,0,4.071204188481675
0.0098522167487684,1.9664804469273744,1.5563139931740615,2.5641025641025643,0,4.0684118673647465
0.0164203612479474,1.967877094972067,1.5426621160409557,2.5641025641025643,0,4.065619546247818
0.0164203612479474,1.9692737430167595,1.5563139931740615,2.4615384615384617,0,4.06282722513089
0.0098522167487684,1.9706703910614525,1.5426621160409557,2.4615384615384617,0,4.060034904013961
0.0131362889983579,1.972067039106145,1.5426621160409557,2.4615384615384617,0,4.057242582897033
0.0131362889983579,1.973463687150838,1.5699658703071673,2.4615384615384617,0,4.054450261780104
0.0131362889983579,1.9748603351955307,1.5972696245733788,2.4615384615384617,0,4.051657940663176
0.0131362889983579,1.9762569832402237,1.52901023890785,2.2564102564102564,0,4.048865619546248
0.0164203612479474,1.977653631284916,1.5563139931740615,2.358974358974359,0,4.046073298429319
0.0098522167487684,1.979050279329609,1.583617747440273,2.2564102564102564,0,4.04328097731239
0.0164203612479474,1.9804469273743015,1.5972696245733788,2.358974358974359,0,4.040488656195462
0.0131362889983579,1.9818435754189945,1.6109215017064846,2.358974358974359,0,4.037696335078534
0.0164203612479474,1.983240223463687,1.6245733788395904,2.358974358974359,0,4.034904013961606
0.0164203612479474,1.98463687150838,1.6382252559726962,2.2564102564102564,0,4.032111692844677
0.0197044334975369,1.9860335195530727,1.651877133105802,2.358974358974359,0,4.029319371727748
0.0197044334975369,1.9874301675977657,1.651877133105802,2.4615384615384617,0,4.02652705061082
0.0229885057471264,1.988826815642458,1.6382252559726962,2.358974358974359,0,4.023734729493892
0.0164203612479474,1.9902234636871508,1.6382252559726962,2.358974358974359,0,4.020942408376963
0.0164203612479474,1.9916201117318435,1.6245733788395904,2.2564102564102564,0,4.018150087260035
0.0229885057471264,1.9930167597765365,1.6655290102389078,2.358974358974359,0,4.015357766143106
0.0197044334975369,1.994413407821229,1.651877133105802,2.2564102564102564,0,4.012565445026178
0.0229885057471264,1.9958100558659215,1.651877133105802,2.358974358974359,0,4.00977312390925
0.0229885057471264,1.9972067039106145,1.651877133105802,2.2564102564102564,0,4.006980802792321
0.0197044334975369,1.9986033519553073,1.6382252559726962,2.358974358974359,0,4.004188481675392
0.0229885057471264,2.0,1.6655290102389078,2.358974358974359,0,4.001396160558464
0.0164203612479474,2.0013966480446927,1.651877133105802,2.2564102564102564,0,3.998603839441536
0.0229885057471264,2.0027932960893855,1.6655290102389078,2.2564102564102564,0,3.995811518324607
0.0164203612479474,2.0041899441340782,1.651877133105802,2.2564102564102564,0,3.993019197207679
0.0229885057471264,2.005586592178771,1.6791808873720135,2.2564102564102564,0,3.99022687609075
0.0229885057471264,2.0069832402234637,1.651877133105802,2.051282051282051,0,3.987434554973822
0.0262725779967159,2.0083798882681565,1.6928327645051195,2.358974358974359,0,3.984642233856894
0.0229885057471264,2.0097765363128492,1.6791808873720135,2.2564102564102564,0,3.981849912739965
0.0229885057471264,2.011173184357542,1.6791808873720135,2.1538461538461537,0,3.979057591623037
0.0229885057471264,2.0125698324022347,1.6791808873720135,2.2564102564102564,0,3.976265270506108
0.0197044334975369,2.0139664804469275,1.6791808873720135,2.2564102564102564,0,3.97347294938918
0.0229885057471264,2.01536312849162,1.6928327645051195,2.2564102564102564,0,3.970680628272251
0.0262725779967159,2.016759776536313,1.6791808873720135,2.051282051282051,0,3.967888307155323
0.0262725779967159,2.0181564245810053,1.6928327645051195,2.2564102564102564,0,3.9650959860383943
0.0229885057471264,2.0195530726256985,1.7201365187713311,2.2564102564102564,0,3.962303664921466
0.0262725779967159,2.0209497206703912,1.6791808873720135,2.1538461538461537,0,3.9595113438045377
0.0197044334975369,2.022346368715084,1.733788395904437,2.2564102564102564,0,3.9567190226876088
0.0295566502463054,2.0237430167597767,1.733788395904437,2.2564102564102564,0,3.9539267015706807
0.0295566502463054,2.025139664804469,1.747440273037543,2.1538461538461537,0,3.951134380453752
0.0262725779967159,2.026536312849162,1.747440273037543,2.051282051282051,0,3.948342059336824
0.0262725779967159,2.0279329608938546,1.7610921501706485,2.2564102564102564,0,3.945549738219896
0.0262725779967159,2.0293296089385473,1.7610921501706485,2.1538461538461537,0,3.9427574171029662
0.0262725779967159,2.03072625698324,1.747440273037543,2.1538461538461537,0,3.9399650959860386
0.0295566502463054,2.032122905027933,1.78839590443686,2.2564102564102564,0,3.9371727748691097
0.0262725779967159,2.0335195530726256,1.7747440273037542,2.1538461538461537,0,3.9343804537521816
0.0295566502463054,2.0349162011173183,1.78839590443686,2.1538461538461537,0,3.9315881326352526
0.0328407224958949,2.036312849162011,1.8156996587030716,2.051282051282051,0,3.928795811518325
0.0295566502463054,2.037709497206704,1.8156996587030716,2.1538461538461537,0,3.926003490401397
0.0295566502463054,2.039106145251397,1.8293515358361776,1.8461538461538465,0,3.923211169284467
0.0328407224958949,2.0405027932960893,1.8430034129692832,2.051282051282051,0,3.920418848167539
0.0361247947454844,2.041899441340782,1.8430034129692832,2.1538461538461537,0,3.9176265270506105
0.0295566502463054,2.043296089385475,1.870307167235495,2.051282051282051,0,3.9148342059336825
0.0328407224958949,2.0446927374301676,1.8566552901023892,2.1538461538461537,0,3.9120418848167535
0.0361247947454844,2.0460893854748603,1.8839590443686007,1.8461538461538465,0,3.9092495636998255
0.0295566502463054,2.047486033519553,1.870307167235495,2.1538461538461537,0,3.9064572425828974
0.0328407224958949,2.048882681564246,1.9112627986348123,2.051282051282051,0,3.903664921465968
0.0328407224958949,2.0502793296089385,1.924914675767918,2.1538461538461537,0,3.90087260034904
0.0361247947454844,2.0516759776536313,1.938566552901024,2.051282051282051,0,3.898080279232111
0.0361247947454844,2.053072625698324,1.9112627986348123,1.948717948717949,0,3.8952879581151834
0.0295566502463054,2.054469273743017,1.938566552901024,2.1538461538461537,0,3.8924956369982544
0.0361247947454844,2.0558659217877095,1.938566552901024,2.051282051282051,0,3.8897033158813263
0.0328407224958949,2.0572625698324023,1.9658703071672352,1.948717948717949,0,3.8869109947643983
0.0394088669950738,2.058659217877095,1.9795221843003412,1.8461538461538465,0,3.8841186736474698
0.0328407224958949,2.060055865921788,1.993174061433447,2.051282051282051,0,3.8813263525305417
0.0361247947454844,2.0614525139664805,2.006825938566553,2.051282051282051,0,3.878534031413612
0.0361247947454844,2.0628491620111733,1.993174061433447,1.8461538461538465,0,3.875741710296684
0.0361247947454844,2.0642458100558656,1.9795221843003412,2.051282051282051,0,3.8729493891797553
0.0361247947454844,2.0656424581005584,2.04778156996587,1.8461538461538465,0,3.870157068062827
0.0328407224958949,2.0670391061452515,2.034129692832765,1.948717948717949,0,3.867364746945899
0.0394088669950738,2.0684357541899443,2.0750853242320817,2.051282051282051,0,3.86457242582897
0.0394088669950738,2.069832402234637,2.0750853242320817,1.948717948717949,0,3.861780104712042
0.0361247947454844,2.07122905027933,2.061433447098976,2.051282051282051,0,3.858987783595113
0.0361247947454844,2.072625698324022,2.0887372013651877,1.948717948717949,0,3.856195462478185
0.0361247947454844,2.074022346368715,2.0887372013651877,1.8461538461538465,0,3.853403141361256
0.0361247947454844,2.0754189944134076,2.1023890784982937,2.051282051282051,0,3.850610820244328
0.0426929392446633,2.0768156424581004,2.0887372013651877,1.8461538461538465,0,3.8478184991274
0.0394088669950738,2.0782122905027935,2.0887372013651877,2.051282051282051,0,3.845026178010471
0.0426929392446633,2.079608938547486,2.0887372013651877,1.948717948717949,0,3.842233856893543
0.0426929392446633,2.0810055865921786,2.1296928327645053,2.051282051282051,0,3.839441535776614
0.0426929392446633,2.0824022346368714,2.1296928327645053,1.948717948717949,0,3.836649214659686
0.0426929392446633,2.083798882681564,2.1023890784982937,1.8461538461538465,0,3.833856893542757
0.0426929392446633,2.085195530726257,2.1160409556313993,1.948717948717949,0,3.831064572425829
0.0394088669950738,2.0865921787709496,2.143344709897611,1.948717948717949,0,3.828272251308901
0.0459770114942528,2.0879888268156424,2.143344709897611,1.948717948717949,0,3.825479930191972
0.0426929392446633,2.089385474860335,2.1160409556313993,1.7435897435897436,0,3.822687609075044
0.0426929392446633,2.090782122905028,2.1296928327645053,1.948717948717949,0,3.819895287958115
0.0459770114942528,2.0921787709497206,2.1706484641638224,1.948717948717949,0,3.817102966841187
0.0426929392446633,2.093575418994414,2.1706484641638224,1.7435897435897436,0,3.814310645724258
0.0459770114942528,2.094972067039106,2.1706484641638224,1.948717948717949,0,3.81151832460733
0.0426929392446633,2.096368715083799,2.1160409556313993,1.7435897435897436,0,3.808726003490402
0.0492610837438423,2.0977653631284916,2.143344709897611,1.641025641025641,0,3.805933682373473
0.0492610837438423,2.0991620111731844,2.197952218430034,1.8461538461538465,0,3.803141361256545
0.0492610837438423,2.100558659217877,2.1843003412969284,1.7435897435897436,0,3.800349040139616
0.0492610837438423,2.10195530726257,2.1843003412969284,1.948717948717949,0,3.797556719022688
0.0492610837438423,2.1033519553072626,2.1843003412969284,1.7435897435897436,0,3.794764397905759
0.0492610837438423,2.1047486033519553,2.21160409556314,1.8461538461538465,0,3.7919720767888303
0.0492610837438423,2.106145251396648,2.21160409556314,1.8461538461538465,0,3.7891797556719022
0.0525451559934318,2.107541899441341,2.21160409556314,1.7435897435897436,0,3.7863874345549737
0.0492610837438423,2.1089385474860336,2.2389078498293515,1.7435897435897436,0,3.7835951134380457
0.0492610837438423,2.1103351955307263,2.2389078498293515,1.8461538461538465,0,3.7808027923211167
0.0525451559934318,2.1117318435754187,2.2525597269624575,1.7435897435897436,0,3.7780104712041886
0.0558292282430213,2.113128491620112,2.21160409556314,1.8461538461538465,0,3.77521815008726
0.0492610837438423,2.1145251396648046,2.2389078498293515,1.641025641025641,0,3.772425828970331
0.0558292282430213,2.1159217877094973,2.2525597269624575,1.8461538461538465,0,3.769633507853403
0.0525451559934318,2.11731843575419,2.266211604095563,1.7435897435897436,0,3.7668411867364746
0.0459770114942528,2.118715083798883,2.2525597269624575,1.8461538461538465,0,3.7640488656195465
0.0558292282430213,2.120111731843575,2.2525597269624575,1.7435897435897436,0,3.7612565445026176
0.0525451559934318,2.121508379888268,2.266211604095563,1.641025641025641,0,3.7584642233856895
0.0558292282430213,2.1229050279329607,2.266211604095563,1.7435897435897436,0,3.755671902268761
0.0525451559934318,2.124301675977654,2.266211604095563,1.7435897435897436,0,3.752879581151833
0.0492610837438423,2.1256983240223466,2.279863481228669,1.5384615384615383,0,3.750087260034904
0.0492610837438423,2.127094972067039,2.2935153583617747,1.641025641025641,0,3.747294938917975
0.0525451559934318,2.1284916201117317,2.2389078498293515,1.7435897435897436,0,3.744502617801047
0.0591133004926108,2.1298882681564244,2.279863481228669,1.8461538461538465,0,3.7417102966841185
0.0492610837438423,2.131284916201117,2.2525597269624575,1.641025641025641,0,3.7389179755671904
0.0558292282430213,2.13268156424581,2.3071672354948807,1.8461538461538465,0,3.7361256544502615
0.0558292282430213,2.1340782122905027,2.279863481228669,1.7435897435897436,0,3.7333333333333334
0.0558292282430213,2.1354748603351954,2.2935153583617747,1.5384615384615383,0,3.7305410122164058
0.0591133004926108,2.136871508379888,2.3071672354948807,1.641025641025641,0,3.727748691099477
0.0558292282430213,2.138268156424581,2.3071672354948807,1.435897435897436,0,3.724956369982548
0.0525451559934318,2.1396648044692737,2.279863481228669,1.641025641025641,0,3.7221640488656194
0.0558292282430213,2.1410614525139664,2.279863481228669,1.8461538461538465,0,3.7193717277486913
0.0558292282430213,2.142458100558659,2.2935153583617747,1.7435897435897436,0,3.7165794066317623
0.0525451559934318,2.143854748603352,2.2525597269624575,1.7435897435897436,0,3.7137870855148343
0.0525451559934318,2.1452513966480447,2.2389078498293515,1.7435897435897436,0,3.7109947643979058
0.0558292282430213,2.1466480446927374,2.2525597269624575,1.641025641025641,0,3.7082024432809777
0.0459770114942528,2.14804469273743,2.2389078498293515,1.8461538461538465,0,3.705410122164049
0.0525451559934318,2.149441340782123,2.2252559726962455,1.641025641025641,0,3.70261780104712
0.0492610837438423,2.1508379888268156,2.2252559726962455,1.7435897435897436,0,3.699825479930192
0.0525451559934318,2.1522346368715084,2.2252559726962455,1.8461538461538465,0,3.697033158813263
0.0525451559934318,2.153631284916201,2.2252559726962455,1.7435897435897436,0,3.694240837696335
0.0558292282430213,2.155027932960894,2.2525597269624575,1.7435897435897436,0,3.691448516579406
0.0492610837438423,2.156424581005586,2.2252559726962455,1.641025641025641,0,3.688656195462478
0.0558292282430213,2.1578212290502794,2.2525597269624575,1.7435897435897436,0,3.68586387434555
0.0558292282430213,2.159217877094972,2.279863481228669,1.7435897435897436,0,3.683071553228621
0.0558292282430213,2.160614525139665,2.2525597269624575,1.641025641025641,0,3.680279232111693
0.0558292282430213,2.1620111731843576,2.279863481228669,1.7435897435897436,0,3.677486910994764
0.0525451559934318,2.1634078212290504,2.3071672354948807,1.7435897435897436,0,3.674694589877836
0.0426929392446633,2.164804469273743,2.2935153583617747,1.641025641025641,0,3.671902268760907
0.0558292282430213,2.166201117318436,2.266211604095563,1.641025641025641,0,3.669109947643979
0.0558292282430213,2.167597765363128,2.279863481228669,1.7435897435897436,0,3.666317626527051
0.0558292282430213,2.168994413407821,2.2525597269624575,1.641025641025641,0,3.663525305410122
0.0558292282430213,2.1703910614525137,2.279863481228669,1.5384615384615383,0,3.660732984293194
0.0525451559934318,2.171787709497207,2.2525597269624575,1.641025641025641,0,3.657940663176265
0.0558292282430213,2.1731843575418996,2.2525597269624575,1.7435897435897436,0,3.655148342059337
0.0558292282430213,2.1745810055865924,2.2525597269624575,1.5384615384615383,0,3.652356020942408
0.0492610837438423,2.1759776536312847,2.2525597269624575,1.7435897435897436,0,3.64956369982548
0.0558292282430213,2.1773743016759775,2.2389078498293515,1.7435897435897436,0,3.646771378708552
0.0558292282430213,2.17877094972067,2.2525597269624575,1.7435897435897436,0,3.643979057591623
0.0525451559934318,2.180167597765363,2.266211604095563,1.7435897435897436,0,3.641186736474695
0.0558292282430213,2.1815642458100557,2.279863481228669,1.641025641025641,0,3.638394415357766
0.0558292282430213,2.1829608938547485,2.266211604095563,1.641025641025641,0,3.635602094240838
0.0591133004926108,2.184357541899441,2.2935153583617747,1.5384615384615383,0,3.632809773123909
0.0591133004926108,2.185754189944134,2.2935153583617747,1.5384615384615383,0,3.630017452006981
0.0591133004926108,2.1871508379888267,2.2935153583617747,1.641025641025641,0,3.6272251308900527
0.0623973727422003,2.1885474860335195,2.3071672354948807,1.641025641025641,0,3.624432809773124
0.0623973727422003,2.189944134078212,2.2935153583617747,1.641025641025641,0,3.621640488656196
0.0623973727422003,2.191340782122905,2.3071672354948807,1.5384615384615383,0,3.6188481675392663
0.0623973727422003,2.1927374301675977,2.334470989761092,1.5384615384615383,0,3.6160558464223382
0.0591133004926108,2.1941340782122905,2.3208191126279862,1.5384615384615383,0,3.6132635253054097
0.0623973727422003,2.195530726256983,2.2935153583617747,1.641025641025641,0,3.6104712041884817
0.0623973727422003,2.196927374301676,2.266211604095563,1.5384615384615383,0,3.6076788830715536
0.0623973727422003,2.1983240223463687,2.266211604095563,1.641025641025641,0,3.6048865619546246
0.0623973727422003,2.1997206703910615,2.2525597269624575,1.3333333333333333,0,3.6020942408376966
0.0623973727422003,2.201117318435754,2.21160409556314,1.5384615384615383,0,3.5993019197207676
0.0656814449917898,2.202513966480447,2.21160409556314,1.5384615384615383,0,3.5965095986038396
0.0623973727422003,2.2039106145251397,2.21160409556314,1.5384615384615383,0,3.5937172774869106
0.0656814449917898,2.2053072625698324,2.21160409556314,1.435897435897436,0,3.5909249563699825
0.0656814449917898,2.206703910614525,2.21160409556314,1.5384615384615383,0,3.5881326352530545
0.0689655172413793,2.208100558659218,2.2389078498293515,1.5384615384615383,0,3.5853403141361255
0.0722495894909688,2.2094972067039107,2.2252559726962455,1.5384615384615383,0,3.5825479930191975
0.0722495894909688,2.210893854748603,2.2252559726962455,1.3333333333333333,0,3.5797556719022685
0.0689655172413793,2.212290502793296,2.2389078498293515,1.435897435897436,0,3.5769633507853404
0.0656814449917898,2.213687150837989,2.2389078498293515,1.435897435897436,0,3.5741710296684115
0.0722495894909688,2.2150837988826813,2.2525597269624575,1.3333333333333333,0,3.571378708551483
0.0788177339901477,2.216480446927374,2.2525597269624575,1.3333333333333333,0,3.5685863874345554
0.0755336617405583,2.217877094972067,2.266211604095563,1.3333333333333333,0,3.5657940663176264
0.0755336617405583,2.21927374301676,2.2935153583617747,1.435897435897436,0,3.5630017452006983
0.0788177339901477,2.2206703910614527,2.2525597269624575,1.2307692307692308,0,3.5602094240837694
0.0788177339901477,2.2220670391061454,2.3071672354948807,1.3333333333333333,0,3.5574171029668413
0.0821018062397372,2.2234636871508378,2.3208191126279862,1.3333333333333333,0,3.5546247818499124
0.0788177339901477,2.2248603351955305,2.348122866894198,1.1282051282051282,0,3.5518324607329843
0.0853858784893267,2.2262569832402233,2.37542662116041,1.2307692307692308,0,3.549040139616056
0.0788177339901477,2.227653631284916,2.37542662116041,1.435897435897436,0,3.5462478184991273
0.0821018062397372,2.229050279329609,2.37542662116041,1.2307692307692308,0,3.5434554973821992
0.0788177339901477,2.2304469273743015,2.3890784982935154,1.3333333333333333,0,3.5406631762652703
0.0788177339901477,2.2318435754189943,2.430034129692833,1.2307692307692308,0,3.537870855148342
0.0821018062397372,2.233240223463687,2.3890784982935154,1.2307692307692308,0,3.5350785340314133
0.0788177339901477,2.23463687150838,2.4573378839590445,1.3333333333333333,0,3.532286212914485
0.0821018062397372,2.236033519553073,2.47098976109215,1.3333333333333333,0,3.529493891797557
0.0853858784893267,2.2374301675977653,2.484641638225256,1.3333333333333333,0,3.526701570680628
0.0788177339901477,2.238826815642458,2.525597269624573,1.3333333333333333,0,3.5239092495637
0.0853858784893267,2.2402234636871508,2.5665529010238908,1.3333333333333333,0,3.521116928446771
0.0788177339901477,2.2416201117318435,2.580204778156997,1.3333333333333333,0,3.518324607329843
0.0853858784893267,2.2430167597765363,2.6075085324232083,1.435897435897436,0,3.515532286212914
0.0788177339901477,2.244413407821229,2.63481228668942,1.2307692307692308,0,3.512739965095986
0.0821018062397372,2.2458100558659213,2.675767918088737,1.3333333333333333,0,3.509947643979058
0.0788177339901477,2.2472067039106145,2.675767918088737,1.3333333333333333,0,3.507155322862129
0.0821018062397372,2.2486033519553073,2.7167235494880546,1.435897435897436,0,3.504363001745201
0.0788177339901477,2.25,2.757679180887372,1.5384615384615383,0,3.501570680628272
0.0821018062397372,2.2513966480446927,2.757679180887372,1.435897435897436,0,3.498778359511344
0.0755336617405583,2.2527932960893855,2.757679180887372,1.5384615384615383,0,3.495986038394415
0.0821018062397372,2.2541899441340782,2.7849829351535837,1.5384615384615383,0,3.493193717277487
0.0755336617405583,2.2555865921787706,2.7986348122866893,1.435897435897436,0,3.490401396160559
0.0722495894909688,2.2569832402234637,2.825938566552901,1.435897435897436,0,3.48760907504363
0.0788177339901477,2.2583798882681565,2.825938566552901,1.641025641025641,0,3.484816753926702
0.0755336617405583,2.2597765363128492,2.8532423208191124,1.2307692307692308,0,3.482024432809773
0.0755336617405583,2.261173184357542,2.825938566552901,1.641025641025641,0,3.479232111692845
0.0722495894909688,2.2625698324022343,2.8668941979522184,1.641025641025641,0,3.476439790575916
0.0755336617405583,2.2639664804469275,2.8805460750853245,1.7435897435897436,0,3.473647469458988
0.0689655172413793,2.26536312849162,2.8532423208191124,1.641025641025641,0,3.47085514834206
0.0755336617405583,2.266759776536313,2.8668941979522184,1.7435897435897436,0,3.468062827225131
0.0689655172413793,2.2681564245810053,2.8668941979522184,1.7435897435897436,0,3.4652705061082028
0.0722495894909688,2.2695530726256985,2.8805460750853245,1.641025641025641,0,3.462478184991274
0.0689655172413793,2.2709497206703912,2.89419795221843,1.7435897435897436,0,3.4596858638743457
0.0722495894909688,2.2723463687150836,2.907849829351536,1.7435897435897436,0,3.456893542757417
0.0689655172413793,2.2737430167597767,2.9215017064846416,1.641025641025641,0,3.4541012216404887
0.0722495894909688,2.275139664804469,2.9351535836177476,1.7435897435897436,0,3.4513089005235607
0.0623973727422003,2.2765363128491622,2.9215017064846416,1.5384615384615383,0,3.4485165794066317
0.0656814449917898,2.2779329608938546,2.962457337883959,1.7435897435897436,0,3.4457242582897036
0.0689655172413793,2.2793296089385473,2.948805460750853,1.7435897435897436,0,3.4429319371727747
0.0722495894909688,2.28072625698324,2.962457337883959,1.7435897435897436,0,3.4401396160558466
0.0656814449917898,2.282122905027933,2.962457337883959,1.7435897435897436,0,3.4373472949389177
0.0722495894909688,2.283519553072626,2.9761092150170647,1.641025641025641,0,3.4345549738219896
0.0689655172413793,2.2849162011173183,2.9897610921501707,1.7435897435897436,0,3.4317626527050606
0.0623973727422003,2.286312849162011,2.9897610921501707,1.435897435897436,0,3.4289703315881326
0.0755336617405583,2.287709497206704,2.9897610921501707,1.7435897435897436,0,3.4261780104712045
0.0755336617405583,2.289106145251397,3.0170648464163823,1.7435897435897436,0,3.4233856893542756
0.0788177339901477,2.2905027932960893,3.0716723549488054,1.7435897435897436,0,3.4205933682373475
0.0755336617405583,2.291899441340782,3.0716723549488054,1.7435897435897436,0,3.4178010471204185
0.0755336617405583,2.2932960893854752,3.044368600682594,1.7435897435897436,0,3.4150087260034905
0.0755336617405583,2.2946927374301676,3.0580204778157,1.641025641025641,0,3.4122164048865615
0.0755336617405583,2.2960893854748603,3.098976109215017,1.7435897435897436,0,3.4094240837696335
0.0788177339901477,2.297486033519553,3.112627986348123,1.7435897435897436,0,3.4066317626527054
0.0755336617405583,2.298882681564246,3.112627986348123,1.641025641025641,0,3.4038394415357764
0.0755336617405583,2.3002793296089385,3.1262798634812285,1.641025641025641,0,3.4010471204188484
0.0788177339901477,2.3016759776536313,3.15358361774744,1.7435897435897436,0,3.398254799301919
0.0821018062397372,2.3030726256983236,3.1399317406143346,1.641025641025641,0,3.3954624781849914
0.0788177339901477,2.304469273743017,3.167235494880546,1.641025641025641,0,3.3926701570680624
0.0788177339901477,2.3058659217877095,3.167235494880546,1.641025641025641,0,3.3898778359511343
0.0788177339901477,2.3072625698324023,3.15358361774744,1.641025641025641,0,3.3870855148342063
0.0821018062397372,2.308659217877095,3.2081911262798637,1.641025641025641,0,3.3842931937172773
0.0788177339901477,2.3100558659217874,3.2081911262798637,1.7435897435897436,0,3.3815008726003493
0.0821018062397372,2.3114525139664805,3.1945392491467577,1.641025641025641,0,3.3787085514834203
0.0788177339901477,2.312849162011173,3.2218430034129693,1.7435897435897436,0,3.375916230366492
0.0755336617405583,2.314245810055866,3.2218430034129693,1.641025641025641,0,3.3731239092495633
0.0755336617405583,2.3156424581005584,3.2081911262798637,1.7435897435897436,0,3.3703315881326352
0.0755336617405583,2.3170391061452515,3.1808873720136517,1.7435897435897436,0,3.367539267015707
0.0788177339901477,2.3184357541899443,3.098976109215017,1.7435897435897436,0,3.364746945898778
0.0722495894909688,2.3198324022346366,3.167235494880546,1.641025641025641,0,3.36195462478185
0.0722495894909688,2.32122905027933,3.15358361774744,1.7435897435897436,0,3.359162303664921
0.0689655172413793,2.322625698324022,3.0853242320819114,1.5384615384615383,0,3.356369982547993
0.0755336617405583,2.3240223463687153,3.098976109215017,1.641025641025641,0,3.353577661431064
0.0722495894909688,2.3254189944134076,3.0853242320819114,1.8461538461538465,0,3.350785340314136
0.0755336617405583,2.3268156424581004,3.0580204778157,1.641025641025641,0,3.347993019197208
0.0722495894909688,2.3282122905027935,3.0034129692832763,1.7435897435897436,0,3.345200698080279
0.0689655172413793,2.329608938547486,2.9215017064846416,1.7435897435897436,0,3.342408376963351
0.0722495894909688,2.331005586592179,2.9351535836177476,1.641025641025641,0,3.339616055846422
0.0689655172413793,2.3324022346368714,2.907849829351536,1.7435897435897436,0,3.336823734729494
0.0722495894909688,2.333798882681564,2.825938566552901,1.7435897435897436,0,3.334031413612565
0.0722495894909688,2.335195530726257,2.757679180887372,1.5384615384615383,0,3.331239092495637
0.0689655172413793,2.3365921787709496,2.757679180887372,1.7435897435897436,0,3.328446771378709
0.0656814449917898,2.3379888268156424,2.7030716723549486,1.5384615384615383,0,3.32565445026178
0.0656814449917898,2.339385474860335,2.621160409556314,1.7435897435897436,0,3.322862129144852
0.0623973727422003,2.3407821229050283,2.6075085324232083,1.5384615384615383,0,3.320069808027923
0.0623973727422003,2.3421787709497206,2.5119453924914676,1.641025641025641,0,3.317277486910995
0.0591133004926108,2.343575418994414,2.416382252559727,1.641025641025641,0,3.314485165794066
0.0623973727422003,2.344972067039106,2.3890784982935154,1.641025641025641,0,3.311692844677138
0.0623973727422003,2.346368715083799,2.279863481228669,1.7435897435897436,0,3.30890052356021
0.0558292282430213,2.3477653631284916,2.2389078498293515,1.641025641025641,0,3.306108202443281
0.0558292282430213,2.3491620111731844,2.1296928327645053,1.641025641025641,0,3.303315881326353
0.0558292282430213,2.3505586592178767,2.1023890784982937,1.641025641025641,0,3.300523560209424
0.0492610837438423,2.35195530726257,2.0204778156996586,1.7435897435897436,0,3.297731239092496
0.0558292282430213,2.3533519553072626,1.924914675767918,1.7435897435897436,0,3.294938917975567
0.0459770114942528,2.3547486033519553,1.870307167235495,1.7435897435897436,0,3.2921465968586388
0.0492610837438423,2.356145251396648,1.7610921501706485,1.7435897435897436,0,3.2893542757417107
0.0492610837438423,2.3575418994413404,1.706484641638225,1.8461538461538465,0,3.2865619546247817
0.0459770114942528,2.3589385474860336,1.6245733788395904,1.7435897435897436,0,3.2837696335078537
0.0426929392446633,2.360335195530726,1.5563139931740615,1.641025641025641,0,3.2809773123909247
0.0394088669950738,2.361731843575419,1.501706484641638,1.8461538461538465,0,3.2781849912739967
0.0459770114942528,2.363128491620112,1.447098976109215,1.8461538461538465,0,3.2753926701570677
0.0492610837438423,2.3645251396648046,1.447098976109215,1.948717948717949,0,3.2726003490401396
0.0426929392446633,2.3659217877094973,1.4334470989761092,1.8461538461538465,0,3.2698080279232116
0.0492610837438423,2.3673184357541897,1.4334470989761092,1.948717948717949,0,3.2670157068062826
0.0426929392446633,2.368715083798883,1.4061433447098977,1.8461538461538465,0,3.2642233856893546
0.0426929392446633,2.370111731843575,1.4197952218430034,1.7435897435897436,0,3.2614310645724256
0.0492610837438423,2.3715083798882683,1.392491467576792,1.435897435897436,0,3.2586387434554975
0.0492610837438423,2.3729050279329607,1.4197952218430034,1.948717948717949,0,3.2558464223385686
0.0459770114942528,2.3743016759776534,1.4061433447098977,1.7435897435897436,0,3.2530541012216405
0.0525451559934318,2.3756983240223466,1.3651877133105803,1.7435897435897436,0,3.2502617801047125
0.0459770114942528,2.377094972067039,1.392491467576792,1.948717948717949,0,3.2474694589877835
0.0525451559934318,2.378491620111732,1.3378839590443683,1.7435897435897436,0,3.244677137870855
0.0492610837438423,2.3798882681564244,1.310580204778157,1.7435897435897436,0,3.2418848167539265
0.0492610837438423,2.381284916201117,1.2969283276450512,1.641025641025641,0,3.2390924956369984
0.0558292282430213,2.38268156424581,1.2559726962457338,1.8461538461538465,0,3.2363001745200695
0.0525451559934318,2.3840782122905027,1.1604095563139931,1.8461538461538465,0,3.2335078534031414
0.0623973727422003,2.3854748603351954,1.174061433447099,1.8461538461538465,0,3.2307155322862133
0.0623973727422003,2.386871508379888,1.174061433447099,1.7435897435897436,0,3.2279232111692844
0.0656814449917898,2.3882681564245813,1.1194539249146758,1.7435897435897436,0,3.2251308900523563
0.0656814449917898,2.3896648044692737,1.1194539249146758,1.435897435897436,0,3.2223385689354274
0.0689655172413793,2.3910614525139664,1.0784982935153584,1.7435897435897436,0,3.2195462478184993
0.0722495894909688,2.392458100558659,1.0648464163822526,1.8461538461538465,0,3.2167539267015703
0.0755336617405583,2.393854748603352,1.023890784982935,1.641025641025641,0,3.2139616055846423
0.0755336617405583,2.3952513966480447,0.9965870307167236,1.641025641025641,0,3.211169284467714
0.0853858784893267,2.3966480446927374,0.955631399317406,1.7435897435897436,0,3.2083769633507853
0.0853858784893267,2.39804469273743,0.9419795221843004,1.5384615384615383,0,3.205584642233857
0.0886699507389162,2.399441340782123,0.9283276450511946,1.641025641025641,0,3.202792321116928
0.0919540229885057,2.4008379888268156,0.9146757679180888,1.641025641025641,0,3.2
0.0952380952380952,2.4022346368715084,0.8737201365187713,1.5384615384615383,0,3.1972076788830712
0.0985221674876847,2.403631284916201,0.8600682593856656,1.7435897435897436,0,3.194415357766143
0.1018062397372742,2.4050279329608935,0.8191126279863481,1.641025641025641,0,3.191623036649215
0.1050903119868637,2.406424581005586,0.8191126279863481,1.641025641025641,0,3.188830715532286
0.1083743842364532,2.407821229050279,0.7918088737201365,1.641025641025641,0,3.186038394415358
0.1149425287356321,2.409217877094972,0.7781569965870307,1.8461538461538465,0,3.183246073298429
0.1149425287356321,2.410614525139665,0.7372013651877133,1.641025641025641,0,3.180453752181501
0.1215106732348111,2.4120111731843576,0.6962457337883959,1.7435897435897436,0,3.177661431064572
0.1215106732348111,2.4134078212290504,0.6962457337883959,1.7435897435897436,0,3.174869109947644
0.1215106732348111,2.4148044692737427,0.6962457337883959,1.7435897435897436,0,3.172076788830715
0.1247947454844006,2.416201117318436,0.7098976109215017,1.7435897435897436,0,3.169284467713787
0.1280788177339901,2.417597765363128,0.6825938566552902,1.7435897435897436,0,3.166492146596859
0.1379310344827586,2.4189944134078214,0.6416382252559727,1.641025641025641,0,3.16369982547993
0.1477832512315271,2.4203910614525137,0.6279863481228669,1.7435897435897436,0,3.160907504363002
0.160919540229885,2.4217877094972065,0.5870307167235495,1.641025641025641,0,3.158115183246073
0.167487684729064,2.4231843575418996,0.5733788395904437,1.8461538461538465,0,3.155322862129145
0.1839080459770115,2.424581005586592,0.5460750853242321,1.5384615384615383,0,3.152530541012216
0.2003284072249589,2.425977653631285,0.4778156996587031,1.8461538461538465,0,3.149738219895288
0.2167487684729064,2.4273743016759775,0.4914675767918088,1.5384615384615383,0,3.14694589877836
0.2331691297208538,2.42877094972067,0.4641638225255973,1.7435897435897436,0,3.144153577661431
0.2528735632183908,2.430167597765363,0.4368600682593856,1.7435897435897436,0,3.141361256544503
0.2627257799671593,2.4315642458100557,0.4368600682593856,1.7435897435897436,0,3.138568935427574
0.2824302134646962,2.432960893854749,0.409556313993174,1.641025641025641,0,3.135776614310646
0.2955665024630542,2.434357541899441,0.409556313993174,1.641025641025641,0,3.132984293193717
0.3119868637110016,2.4357541899441344,0.409556313993174,1.8461538461538465,0,3.130191972076789
0.3185550082101806,2.4371508379888267,0.3959044368600682,1.7435897435897436,0,3.1273996509598607
0.3284072249589491,2.4385474860335195,0.3959044368600682,1.7435897435897436,0,3.124607329842932
0.3251231527093596,2.439944134078212,0.409556313993174,1.7435897435897436,0,3.1218150087260037
0.3316912972085385,2.441340782122905,0.3959044368600682,1.7435897435897436,0,3.1190226876090748
0.3251231527093596,2.4427374301675977,0.3959044368600682,1.641025641025641,0,3.1162303664921467
0.3185550082101806,2.4441340782122905,0.3959044368600682,1.5384615384615383,0,3.1134380453752177
0.3185550082101806,2.445530726256983,0.409556313993174,1.8461538461538465,0,3.1106457242582897
0.3119868637110016,2.446927374301676,0.409556313993174,1.641025641025641,0,3.1078534031413616
0.3218390804597701,2.4483240223463687,0.4232081911262799,1.7435897435897436,0,3.1050610820244327
0.3218390804597701,2.4497206703910615,0.409556313993174,1.641025641025641,0,3.1022687609075046
0.3152709359605911,2.451117318435754,0.409556313993174,1.641025641025641,0,3.0994764397905756
0.3251231527093596,2.4525139664804465,0.4232081911262799,1.7435897435897436,0,3.0966841186736476
0.3284072249589491,2.4539106145251397,0.409556313993174,1.5384615384615383,0,3.0938917975567186
0.3316912972085385,2.455307262569832,0.4232081911262799,1.7435897435897436,0,3.0910994764397905
0.3448275862068966,2.456703910614525,0.3822525597269625,1.5384615384615383,0,3.0883071553228625
0.354679802955665,2.458100558659218,0.409556313993174,1.641025641025641,0,3.0855148342059335
0.367816091954023,2.4594972067039107,0.409556313993174,1.641025641025641,0,3.0827225130890055
0.3842364532019704,2.460893854748603,0.409556313993174,1.5384615384615383,0,3.0799301919720765
0.3940886699507389,2.462290502793296,0.4232081911262799,1.5384615384615383,0,3.0771378708551484
0.4105090311986863,2.463687150837989,0.4232081911262799,1.641025641025641,0,3.0743455497382195
0.4302134646962233,2.4650837988826813,0.409556313993174,1.5384615384615383,0,3.071553228621291
0.4466338259441708,2.4664804469273744,0.409556313993174,1.3333333333333333,0,3.0687609075043634
0.4597701149425287,2.467877094972067,0.409556313993174,1.435897435897436,0,3.0659685863874344
0.4761904761904761,2.4692737430167595,0.4368600682593856,1.5384615384615383,0,3.0631762652705063
0.4893267651888341,2.4706703910614527,0.4368600682593856,1.435897435897436,0,3.0603839441535774
0.4958949096880131,2.472067039106145,0.4505119453924914,1.3333333333333333,0,3.0575916230366493
0.5090311986863711,2.473463687150838,0.4641638225255973,1.3333333333333333,0,3.0547993019197204
0.5221674876847291,2.4748603351955305,0.4641638225255973,1.3333333333333333,0,3.0520069808027923
0.5320197044334976,2.4762569832402233,0.4505119453924914,1.2307692307692308,0,3.049214659685864
0.5451559934318555,2.477653631284916,0.4914675767918088,1.435897435897436,0,3.0464223385689353
0.555008210180624,2.4790502793296088,0.4778156996587031,1.2307692307692308,0,3.0436300174520072
0.5582922824302134,2.480446927374302,0.4914675767918088,1.3333333333333333,0,3.0408376963350783
0.5615763546798029,2.4818435754189943,0.4778156996587031,1.1282051282051282,0,3.03804537521815
0.5681444991789819,2.483240223463687,0.5051194539249146,1.2307692307692308,0,3.0352530541012213
0.5779967159277504,2.48463687150838,0.4778156996587031,1.2307692307692308,0,3.032460732984293
0.5878489326765188,2.4860335195530725,0.5051194539249146,1.2307692307692308,0,3.029668411867365
0.5878489326765188,2.4874301675977653,0.5051194539249146,1.3333333333333333,0,3.026876090750436
0.5977011494252874,2.488826815642458,0.5187713310580204,1.1282051282051282,0,3.024083769633508
0.6042692939244664,2.4902234636871508,0.5051194539249146,1.1282051282051282,0,3.021291448516579
0.6108374384236454,2.4916201117318435,0.5187713310580204,1.1282051282051282,0,3.018499127399651
0.6141215106732348,2.4930167597765363,0.5187713310580204,1.2307692307692308,0,3.015706806282722
0.6141215106732348,2.494413407821229,0.5324232081911263,1.2307692307692308,0,3.012914485165794
0.6239737274220033,2.4958100558659218,0.5324232081911263,1.2307692307692308,0,3.010122164048866
0.6272577996715928,2.4972067039106145,0.5187713310580204,1.1282051282051282,0,3.007329842931937
0.6371100164203612,2.4986033519553073,0.5460750853242321,1.2307692307692308,0,3.004537521815009
0.6403940886699507,2.4999999999999996,0.5460750853242321,1.0256410256410255,0,3.00174520069808
0.6436781609195402,2.5013966480446927,0.5324232081911263,1.0256410256410255,0,2.998952879581152
0.6535303776683087,2.5027932960893855,0.5324232081911263,1.1282051282051282,0,2.996160558464223
0.6600985221674877,2.5041899441340782,0.5460750853242321,1.0256410256410255,0,2.993368237347295
0.6666666666666666,2.505586592178771,0.5733788395904437,1.1282051282051282,0,2.990575916230367
0.6732348111658456,2.5069832402234637,0.5733788395904437,1.0256410256410255,0,2.987783595113438
0.6896551724137931,2.5083798882681565,0.5870307167235495,1.0256410256410255,0,2.98499127399651
0.6962233169129721,2.509776536312849,0.5870307167235495,0.8205128205128205,0,2.982198952879581
0.7126436781609196,2.511173184357542,0.6006825938566553,0.9230769230769232,0,2.979406631762653
0.7257799671592775,2.5125698324022343,0.6143344709897611,0.9230769230769232,0,2.976614310645724
0.7454844006568144,2.5139664804469275,0.6279863481228669,0.9230769230769232,0,2.973821989528796
0.7619047619047619,2.51536312849162,0.6416382252559727,0.9230769230769232,0,2.971029668411868
0.7750410509031199,2.516759776536313,0.6689419795221843,1.0256410256410255,0,2.968237347294939
0.7881773399014779,2.5181564245810057,0.6689419795221843,0.8205128205128205,0,2.9654450261780108
0.8111658456486043,2.519553072625698,0.6689419795221843,0.717948717948718,0,2.962652705061082
0.8243021346469622,2.5209497206703912,0.7098976109215017,0.8205128205128205,0,2.9598603839441537
0.8472906403940886,2.5223463687150836,0.7235494880546075,0.9230769230769232,0,2.957068062827225
0.8604269293924466,2.5237430167597767,0.7235494880546075,0.8205128205128205,0,2.9542757417102967
0.8801313628899836,2.525139664804469,0.7372013651877133,0.9230769230769232,0,2.9514834205933687
0.8866995073891626,2.526536312849162,0.7235494880546075,0.8205128205128205,0,2.9486910994764397
0.8899835796387521,2.527932960893855,0.7508532423208191,0.8205128205128205,0,2.9458987783595116
0.8998357963875205,2.5293296089385473,0.7372013651877133,0.717948717948718,0,2.9431064572425827
0.8899835796387521,2.5307262569832405,0.7372013651877133,0.9230769230769232,0,2.9403141361256546
0.8998357963875205,2.532122905027933,0.764505119453925,0.8205128205128205,0,2.9375218150087257
0.90311986863711,2.5335195530726256,0.7508532423208191,0.717948717948718,0,2.9347294938917976
0.90311986863711,2.5349162011173183,0.7781569965870307,0.9230769230769232,0,2.9319371727748695
0.909688013136289,2.536312849162011,0.7372013651877133,0.717948717948718,0,2.9291448516579406
0.909688013136289,2.537709497206704,0.7781569965870307,0.8205128205128205,0,2.9263525305410125
0.916256157635468,2.539106145251397,0.764505119453925,0.717948717948718,0,2.9235602094240836
0.916256157635468,2.5405027932960893,0.7918088737201365,0.717948717948718,0,2.9207678883071555
0.9261083743842364,2.541899441340782,0.7918088737201365,0.8205128205128205,0,2.9179755671902265
0.9359605911330048,2.543296089385475,0.8054607508532423,0.8205128205128205,0,2.9151832460732985
0.9458128078817734,2.5446927374301676,0.7918088737201365,0.717948717948718,0,2.9123909249563704
0.9523809523809524,2.5460893854748603,0.7918088737201365,0.8205128205128205,0,2.9095986038394415
0.9655172413793104,2.5474860335195526,0.8191126279863481,0.717948717948718,0,2.9068062827225134
0.9753694581280788,2.548882681564246,0.8464163822525598,0.8205128205128205,0,2.9040139616055844
0.9917898193760264,2.5502793296089385,0.8464163822525598,0.717948717948718,0,2.9012216404886564
0.9950738916256158,2.5516759776536313,0.8737201365187713,0.717948717948718,0,2.898429319371727
1.0049261083743843,2.553072625698324,0.8600682593856656,0.6153846153846154,0,2.8956369982547994
1.0049261083743843,2.554469273743017,0.9010238907849828,0.6153846153846154,0,2.8928446771378704
1.0049261083743843,2.5558659217877095,0.8600682593856656,0.6153846153846154,0,2.8900523560209423
1.0180623973727423,2.557262569832402,0.8873720136518771,0.6153846153846154,0,2.8872600349040143
1.0246305418719213,2.558659217877095,0.9010238907849828,0.717948717948718,0,2.8844677137870853
1.0377668308702792,2.5600558659217874,0.9283276450511946,0.6153846153846154,0,2.8816753926701573
1.0311986863711002,2.5614525139664805,0.9283276450511946,0.717948717948718,0,2.8788830715532283
1.0443349753694582,2.5628491620111733,0.9419795221843004,0.6153846153846154,0,2.8760907504363
1.0476190476190477,2.5642458100558656,0.9146757679180888,0.6153846153846154,0,2.8732984293193713
1.0443349753694582,2.565642458100559,0.969283276450512,0.6153846153846154,0,2.8705061082024432
1.057471264367816,2.567039106145251,0.955631399317406,0.6153846153846154,0,2.867713787085515
1.0673234811165846,2.5684357541899443,0.969283276450512,0.4102564102564102,0,2.864921465968586
1.0738916256157636,2.5698324022346366,0.9965870307167236,0.6153846153846154,0,2.862129144851658
1.0870279146141215,2.57122905027933,0.969283276450512,0.6153846153846154,0,2.859336823734729
1.090311986863711,2.5726256983240225,0.9965870307167236,0.5128205128205128,0,2.856544502617801
1.1001642036124797,2.574022346368715,1.0102389078498293,0.5128205128205128,0,2.853752181500872
1.1133004926108374,2.575418994413408,1.0375426621160408,0.717948717948718,0,2.850959860383944
1.123152709359606,2.5768156424581004,1.023890784982935,0.4102564102564102,0,2.848167539267016
1.1264367816091954,2.5782122905027935,1.0648464163822526,0.4102564102564102,0,2.845375218150087
1.1461412151067325,2.579608938547486,1.0784982935153584,0.6153846153846154,0,2.842582897033159
1.1756978653530377,2.5810055865921786,1.0648464163822526,0.4102564102564102,0,2.83979057591623
1.1822660098522169,2.5824022346368714,1.0921501706484642,0.6153846153846154,0,2.836998254799302
1.1954022988505748,2.583798882681564,1.10580204778157,0.4102564102564102,0,2.834205933682373
1.1954022988505748,2.5851955307262573,1.10580204778157,0.4102564102564102,0,2.831413612565445
1.2019704433497538,2.5865921787709496,1.1331058020477816,0.6153846153846154,0,2.828621291448517
1.2315270935960592,2.5879888268156424,1.1331058020477816,0.5128205128205128,0,2.825828970331588
1.238095238095238,2.589385474860335,1.1331058020477816,0.6153846153846154,0,2.82303664921466
1.2545155993431856,2.590782122905028,1.1331058020477816,0.5128205128205128,0,2.820244328097731
1.2742200328407225,2.5921787709497206,1.1604095563139931,0.5128205128205128,0,2.817452006980803
1.277504105090312,2.593575418994414,1.1604095563139931,0.6153846153846154,0,2.814659685863874
1.29064039408867,2.5949720670391057,1.187713310580205,0.6153846153846154,0,2.811867364746946
1.3136288998357963,2.596368715083799,1.2013651877133107,0.6153846153846154,0,2.809075043630018
1.3234811165845648,2.5977653631284916,1.2013651877133107,0.6153846153846154,0,2.806282722513089
1.3530377668308702,2.5991620111731844,1.2286689419795225,0.717948717948718,0,2.803490401396161
1.3628899835796386,2.600558659217877,1.242320819112628,0.717948717948718,0,2.800698080279232
1.3464696223316912,2.60195530726257,1.242320819112628,0.6153846153846154,0,2.797905759162304
1.3891625615763548,2.6033519553072626,1.2696245733788396,0.717948717948718,0,2.795113438045375
1.3924466338259442,2.604748603351955,1.242320819112628,0.5128205128205128,0,2.7923211169284468
1.3990147783251232,2.606145251396648,1.2832764505119454,0.717948717948718,0,2.7895287958115187
1.4121510673234812,2.607541899441341,1.2832764505119454,0.6153846153846154,0,2.7867364746945897
1.4285714285714286,2.6089385474860336,1.2969283276450512,0.717948717948718,0,2.7839441535776617
1.4351395730706076,2.6103351955307263,1.2969283276450512,0.717948717948718,0,2.7811518324607327
1.464696223316913,2.6117318435754187,1.3242320819112627,0.8205128205128205,0,2.7783595113438047
1.4811165845648604,2.613128491620112,1.3378839590443683,0.717948717948718,0,2.7755671902268757
1.477832512315271,2.614525139664804,1.3651877133105803,0.8205128205128205,0,2.7727748691099476
1.4942528735632183,2.6159217877094973,1.3515358361774743,0.8205128205128205,0,2.7699825479930196
1.5041050903119868,2.6173184357541897,1.378839590443686,0.8205128205128205,0,2.7671902268760906
1.5238095238095235,2.618715083798883,1.378839590443686,0.8205128205128205,0,2.7643979057591626
1.5303776683087027,2.6201117318435756,1.4061433447098977,0.9230769230769232,0,2.7616055846422336
1.5402298850574712,2.621508379888268,1.4197952218430034,0.717948717948718,0,2.7588132635253055
1.5500821018062398,2.622905027932961,1.4197952218430034,0.717948717948718,0,2.7560209424083766
1.5500821018062398,2.6243016759776534,1.4061433447098977,0.8205128205128205,0,2.7532286212914485
1.553366174055829,2.6256983240223466,1.4061433447098977,0.8205128205128205,0,2.7504363001745205
1.5599343185550083,2.627094972067039,1.447098976109215,0.9230769230769232,0,2.7476439790575915
1.5566502463054188,2.6284916201117317,1.4334470989761092,0.8205128205128205,0,2.744851657940663
1.5632183908045978,2.6298882681564244,1.4607508532423208,0.9230769230769232,0,2.7420593368237345
1.5730706075533665,2.631284916201117,1.4607508532423208,0.5128205128205128,0,2.7392670157068064
1.5829228243021347,2.6326815642458103,1.4880546075085324,0.9230769230769232,0,2.7364746945898775
1.5862068965517242,2.6340782122905027,1.4880546075085324,0.5128205128205128,0,2.7336823734729494
1.5927750410509032,2.6354748603351954,1.501706484641638,0.9230769230769232,0,2.7308900523560213
1.5960591133004929,2.636871508379888,1.515358361774744,0.6153846153846154,0,2.7280977312390924
1.5862068965517242,2.638268156424581,1.515358361774744,0.9230769230769232,0,2.7253054101221643
1.5927750410509032,2.6396648044692737,1.52901023890785,0.8205128205128205,0,2.7225130890052354
1.5796387520525452,2.6410614525139664,1.52901023890785,0.717948717948718,0,2.7197207678883073
1.61247947454844,2.6424581005586596,1.5563139931740615,0.717948717948718,0,2.7169284467713783
1.6059113300492611,2.643854748603352,1.5699658703071673,0.717948717948718,0,2.7141361256544503
1.6091954022988506,2.6452513966480447,1.5972696245733788,0.8205128205128205,0,2.711343804537522
1.61247947454844,2.6466480446927374,1.5972696245733788,0.717948717948718,0,2.7085514834205933
1.632183908045977,2.64804469273743,1.6245733788395904,0.717948717948718,0,2.705759162303665
1.619047619047619,2.649441340782123,1.6109215017064846,0.8205128205128205,0,2.702966841186736
1.619047619047619,2.6508379888268156,1.6109215017064846,0.8205128205128205,0,2.700174520069808
1.6288998357963875,2.652234636871508,1.5972696245733788,0.8205128205128205,0,2.6973821989528792
1.619047619047619,2.653631284916201,1.6245733788395904,0.6153846153846154,0,2.694589877835951
1.625615763546798,2.655027932960894,1.6245733788395904,0.5128205128205128,0,2.691797556719023
1.599343185550082,2.656424581005586,1.6245733788395904,0.717948717948718,0,2.689005235602094
1.6288998357963875,2.6578212290502794,1.6655290102389078,0.8205128205128205,0,2.686212914485166
1.6288998357963875,2.6592178770949717,1.6382252559726962,0.717948717948718,0,2.683420593368237
1.6223316912972086,2.660614525139665,1.6655290102389078,0.5128205128205128,0,2.680628272251309
1.619047619047619,2.662011173184357,1.651877133105802,0.4102564102564102,0,2.67783595113438
1.6288998357963875,2.6634078212290504,1.6791808873720135,0.8205128205128205,0,2.675043630017452
1.6059113300492611,2.6648044692737427,1.6655290102389078,0.717948717948718,0,2.672251308900524
1.6288998357963875,2.666201117318436,1.6655290102389078,0.717948717948718,0,2.669458987783595
1.6059113300492611,2.6675977653631286,1.6655290102389078,0.717948717948718,0,2.666666666666667
1.61247947454844,2.668994413407821,1.6791808873720135,0.717948717948718,0,2.663874345549738
1.61247947454844,2.670391061452514,1.6791808873720135,0.6153846153846154,0,2.66108202443281
1.6091954022988506,2.6717877094972065,1.7201365187713311,0.717948717948718,0,2.658289703315881
1.61247947454844,2.6731843575418996,1.6791808873720135,0.6153846153846154,0,2.655497382198953
1.6091954022988506,2.674581005586592,1.733788395904437,0.8205128205128205,0,2.652705061082025
1.619047619047619,2.6759776536312847,1.733788395904437,0.6153846153846154,0,2.649912739965096
1.6288998357963875,2.677374301675978,1.733788395904437,0.5128205128205128,0,2.647120418848168
1.6157635467980296,2.67877094972067,1.733788395904437,0.6153846153846154,0,2.644328097731239
1.6157635467980296,2.6801675977653634,1.7747440273037542,0.717948717948718,0,2.641535776614311
1.632183908045977,2.6815642458100557,1.7747440273037542,0.6153846153846154,0,2.638743455497382
1.619047619047619,2.6829608938547485,1.7747440273037542,0.717948717948718,0,2.635951134380454
1.619047619047619,2.684357541899441,1.78839590443686,0.6153846153846154,0,2.6331588132635257
1.625615763546798,2.685754189944134,1.7610921501706485,0.717948717948718,0,2.630366492146597
1.632183908045977,2.6871508379888267,1.7747440273037542,0.5128205128205128,0,2.6275741710296687
1.6157635467980296,2.6885474860335195,1.8020477815699656,0.5128205128205128,0,2.62478184991274
1.6157635467980296,2.6899441340782126,1.7610921501706485,0.717948717948718,0,2.6219895287958117
1.6157635467980296,2.691340782122905,1.733788395904437,0.3076923076923077,0,2.6191972076788828
1.5796387520525452,2.6927374301675977,1.706484641638225,0.5128205128205128,0,2.6164048865619547
1.6157635467980296,2.6941340782122905,1.78839590443686,0.6153846153846154,0,2.6136125654450257
1.625615763546798,2.695530726256983,1.8020477815699656,0.5128205128205128,0,2.6108202443280977
1.6026272577996716,2.696927374301676,1.78839590443686,0.6153846153846154,0,2.6080279232111696
1.619047619047619,2.6983240223463687,1.7610921501706485,0.6153846153846154,0,2.6052356020942407
1.6223316912972086,2.699720670391061,1.8156996587030716,0.717948717948718,0,2.6024432809773126
1.599343185550082,2.701117318435754,1.733788395904437,0.6153846153846154,0,2.5996509598603836
1.625615763546798,2.702513966480447,1.78839590443686,0.717948717948718,0,2.5968586387434556
1.625615763546798,2.7039106145251397,1.8430034129692832,0.3076923076923077,0,2.5940663176265266
1.6091954022988506,2.7053072625698324,1.8293515358361776,0.5128205128205128,0,2.5912739965095986
1.6157635467980296,2.7067039106145248,1.8156996587030716,0.6153846153846154,0,2.5884816753926705
1.6091954022988506,2.708100558659218,1.8156996587030716,0.4102564102564102,0,2.5856893542757415
1.6223316912972086,2.7094972067039103,1.8293515358361776,0.2051282051282051,0,2.5828970331588135
1.599343185550082,2.710893854748603,1.8156996587030716,0.4102564102564102,0,2.5801047120418845
1.6026272577996716,2.712290502793296,1.8566552901023892,0.6153846153846154,0,2.5773123909249565
1.632183908045977,2.713687150837989,1.9112627986348123,0.4102564102564102,0,2.5745200698080275
1.6354679802955665,2.7150837988826817,1.924914675767918,0.6153846153846154,0,2.571727748691099
1.6420361247947457,2.716480446927374,1.924914675767918,0.5128205128205128,0,2.5689354275741714
1.6091954022988506,2.717877094972067,1.924914675767918,0.4102564102564102,0,2.5661431064572424
1.6223316912972086,2.7192737430167595,1.924914675767918,0.5128205128205128,0,2.5633507853403144
1.61247947454844,2.7206703910614527,1.9112627986348123,0.5128205128205128,0,2.5605584642233854
1.632183908045977,2.722067039106145,1.924914675767918,0.6153846153846154,0,2.5577661431064573
1.625615763546798,2.7234636871508378,1.9112627986348123,0.4102564102564102,0,2.5549738219895284
1.619047619047619,2.724860335195531,1.9795221843003412,0.6153846153846154,0,2.5521815008726003
1.6157635467980296,2.7262569832402233,1.9522184300341296,0.4102564102564102,0,2.5493891797556723
1.6157635467980296,2.7276536312849164,1.9795221843003412,0.4102564102564102,0,2.5465968586387433
1.632183908045977,2.7290502793296088,1.9658703071672352,0.4102564102564102,0,2.5438045375218152
1.619047619047619,2.7304469273743015,1.9658703071672352,0.5128205128205128,0,2.5410122164048863
1.6157635467980296,2.7318435754189943,2.006825938566553,0.5128205128205128,0,2.538219895287958
1.619047619047619,2.733240223463687,2.0204778156996586,0.4102564102564102,0,2.5354275741710293
1.6091954022988506,2.73463687150838,1.993174061433447,0.4102564102564102,0,2.532635253054101
1.5960591133004929,2.7360335195530725,1.993174061433447,0.5128205128205128,0,2.529842931937173
1.6026272577996716,2.7374301675977657,2.034129692832765,0.4102564102564102,0,2.527050610820244
1.599343185550082,2.738826815642458,2.0750853242320817,0.5128205128205128,0,2.524258289703316
1.6059113300492611,2.7402234636871508,2.0887372013651877,0.3076923076923077,0,2.521465968586387
1.599343185550082,2.7416201117318435,2.0887372013651877,0.3076923076923077,0,2.518673647469459
1.6091954022988506,2.7430167597765363,2.1160409556313993,0.4102564102564102,0,2.51588132635253
1.61247947454844,2.744413407821229,2.156996587030717,0.4102564102564102,0,2.513089005235602
1.6223316912972086,2.7458100558659218,2.1706484641638224,0.4102564102564102,0,2.510296684118674
1.6288998357963875,2.7472067039106145,2.156996587030717,0.3076923076923077,0,2.507504363001745
1.619047619047619,2.7486033519553073,2.1706484641638224,0.5128205128205128,0,2.504712041884817
1.632183908045977,2.75,2.21160409556314,0.2051282051282051,0,2.501919720767888
1.6223316912972086,2.7513966480446927,2.1843003412969284,0.0,0,2.49912739965096
1.6223316912972086,2.7527932960893855,2.21160409556314,0.4102564102564102,0,2.496335078534031
1.632183908045977,2.754189944134078,2.1843003412969284,0.5128205128205128,0,2.493542757417103
1.625615763546798,2.755586592178771,2.1706484641638224,0.4102564102564102,0,2.490750436300175
1.619047619047619,2.7569832402234633,2.1706484641638224,0.4102564102564102,0,2.487958115183246
1.625615763546798,2.7583798882681565,2.156996587030717,0.5128205128205128,0,2.485165794066318
1.6288998357963875,2.7597765363128492,2.1706484641638224,0.4102564102564102,0,2.482373472949389
1.6420361247947457,2.761173184357542,2.156996587030717,0.4102564102564102,0,2.479581151832461
1.6354679802955665,2.7625698324022347,2.1843003412969284,0.6153846153846154,0,2.476788830715532
1.638752052545156,2.763966480446927,2.1706484641638224,0.5128205128205128,0,2.473996509598604
1.632183908045977,2.76536312849162,2.1706484641638224,0.4102564102564102,0,2.471204188481676
1.658456486042693,2.766759776536313,2.197952218430034,0.5128205128205128,0,2.468411867364747
1.6617405582922824,2.7681564245810057,2.197952218430034,0.3076923076923077,0,2.4656195462478188
1.6781609195402298,2.769553072625698,2.2252559726962455,0.3076923076923077,0,2.46282722513089
1.6748768472906403,2.770949720670391,2.2389078498293515,0.5128205128205128,0,2.4600349040139617
1.6683087027914614,2.772346368715084,2.2389078498293515,0.5128205128205128,0,2.457242582897033
1.6617405582922824,2.7737430167597763,2.279863481228669,0.5128205128205128,0,2.4544502617801047
1.6715927750410509,2.7751396648044695,2.279863481228669,0.5128205128205128,0,2.4516579406631767
1.6748768472906403,2.776536312849162,2.2935153583617747,0.5128205128205128,0,2.4488656195462477
1.6847290640394088,2.7779329608938546,2.3208191126279862,0.5128205128205128,0,2.4460732984293196
1.6715927750410509,2.7793296089385473,2.3208191126279862,0.4102564102564102,0,2.4432809773123907
1.681444991789819,2.78072625698324,2.348122866894198,0.5128205128205128,0,2.440488656195462
1.6748768472906403,2.7821229050279332,2.348122866894198,0.5128205128205128,0,2.4376963350785337
1.681444991789819,2.7835195530726256,2.4027303754266214,0.5128205128205128,0,2.4349040139616056
1.6945812807881773,2.7849162011173187,2.3890784982935154,0.5128205128205128,0,2.4321116928446775
1.6781609195402298,2.786312849162011,2.4027303754266214,0.6153846153846154,0,2.4293193717277486
1.7077175697865352,2.787709497206704,2.416382252559727,0.4102564102564102,0,2.4265270506108205
1.6847290640394088,2.789106145251397,2.4027303754266214,0.4102564102564102,0,2.4237347294938916
1.6847290640394088,2.7905027932960893,2.4436860068259385,0.4102564102564102,0,2.4209424083769635
1.7110016420361247,2.791899441340782,2.430034129692833,0.6153846153846154,0,2.4181500872600346
1.7274220032840724,2.793296089385475,2.430034129692833,0.6153846153846154,0,2.4153577661431065
1.6880131362889983,2.7946927374301676,2.430034129692833,0.5128205128205128,0,2.4125654450261784
1.7208538587848932,2.7960893854748603,2.430034129692833,0.4102564102564102,0,2.4097731239092495
1.7274220032840724,2.797486033519553,2.416382252559727,0.5128205128205128,0,2.4069808027923214
1.7175697865353037,2.798882681564246,2.430034129692833,0.4102564102564102,0,2.4041884816753925
1.7077175697865352,2.8002793296089385,2.430034129692833,0.6153846153846154,0,2.4013961605584644
1.7339901477832511,2.801675977653631,2.4027303754266214,0.4102564102564102,0,2.398603839441535
1.7142857142857142,2.803072625698324,2.4027303754266214,0.6153846153846154,0,2.3958115183246074
1.7372742200328408,2.8044692737430164,2.4027303754266214,0.717948717948718,0,2.3930191972076793
1.7405582922824303,2.8058659217877095,2.4027303754266214,0.6153846153846154,0,2.3902268760907504
1.7438423645320198,2.8072625698324023,2.4436860068259385,0.5128205128205128,0,2.3874345549738223
1.7536945812807885,2.808659217877095,2.430034129692833,0.5128205128205128,0,2.3846422338568933
1.7471264367816093,2.810055865921788,2.4436860068259385,0.6153846153846154,0,2.3818499127399653
1.7307060755336618,2.81145251396648,2.430034129692833,0.717948717948718,0,2.3790575916230363
1.7438423645320198,2.8128491620111733,2.416382252559727,0.6153846153846154,0,2.3762652705061083
1.7438423645320198,2.8142458100558656,2.4436860068259385,0.717948717948718,0,2.37347294938918
1.7635467980295567,2.815642458100559,2.416382252559727,0.717948717948718,0,2.3706806282722512
1.7668308702791462,2.8170391061452515,2.47098976109215,0.6153846153846154,0,2.367888307155323
1.7766830870279149,2.818435754189944,2.484641638225256,0.5128205128205128,0,2.365095986038394
1.7635467980295567,2.819832402234637,2.4573378839590445,0.6153846153846154,0,2.362303664921466
1.7799671592775042,2.82122905027933,2.47098976109215,0.6153846153846154,0,2.359511343804537
1.7635467980295567,2.8226256983240225,2.484641638225256,0.717948717948718,0,2.356719022687609
1.7832512315270936,2.824022346368715,2.4573378839590445,0.717948717948718,0,2.353926701570681
1.7569786535303775,2.8254189944134076,2.47098976109215,0.6153846153846154,0,2.351134380453752
1.7766830870279149,2.8268156424581004,2.4982935153583616,0.6153846153846154,0,2.348342059336824
1.7733990147783252,2.828212290502793,2.484641638225256,0.8205128205128205,0,2.345549738219895
1.7602627257799672,2.8296089385474863,2.47098976109215,0.6153846153846154,0,2.342757417102967
1.7701149425287357,2.8310055865921786,2.4982935153583616,0.6153846153846154,0,2.339965095986038
1.793103448275862,2.832402234636872,2.5119453924914676,0.717948717948718,0,2.33717277486911
1.7799671592775042,2.833798882681564,2.4573378839590445,0.717948717948718,0,2.334380453752181
1.7963875205254516,2.835195530726257,2.5119453924914676,0.717948717948718,0,2.331588132635253
1.799671592775041,2.8365921787709496,2.525597269624573,0.8205128205128205,0,2.328795811518325
1.793103448275862,2.8379888268156424,2.525597269624573,0.6153846153846154,0,2.326003490401396
1.799671592775041,2.839385474860335,2.525597269624573,0.8205128205128205,0,2.323211169284468
1.7963875205254516,2.840782122905028,2.525597269624573,0.717948717948718,0,2.320418848167539
1.7963875205254516,2.8421787709497206,2.525597269624573,0.6153846153846154,0,2.317626527050611
1.799671592775041,2.843575418994414,2.539249146757679,0.6153846153846154,0,2.314834205933682
1.793103448275862,2.844972067039106,2.47098976109215,0.8205128205128205,0,2.312041884816754
1.7733990147783252,2.846368715083799,2.4573378839590445,0.6153846153846154,0,2.309249563699826
1.7832512315270936,2.8477653631284916,2.4982935153583616,0.717948717948718,0,2.306457242582897
1.7898193760262726,2.849162011173184,2.5529010238907848,0.3076923076923077,0,2.303664921465969
1.8029556650246303,2.850558659217877,2.539249146757679,0.717948717948718,0,2.30087260034904
1.7832512315270936,2.85195530726257,2.5529010238907848,0.717948717948718,0,2.298080279232112
1.7832512315270936,2.8533519553072626,2.5938566552901023,0.5128205128205128,0,2.295287958115183
1.7766830870279149,2.8547486033519553,2.5665529010238908,0.6153846153846154,0,2.2924956369982548
1.7963875205254516,2.856145251396648,2.5938566552901023,0.717948717948718,0,2.2897033158813267
1.793103448275862,2.857541899441341,2.6075085324232083,0.717948717948718,0,2.2869109947643977
1.7799671592775042,2.858938547486033,2.6075085324232083,0.717948717948718,0,2.2841186736474697
1.7668308702791462,2.8603351955307263,2.63481228668942,0.717948717948718,0,2.2813263525305407
1.7766830870279149,2.8617318435754187,2.621160409556314,0.4102564102564102,0,2.2785340314136127
1.7733990147783252,2.863128491620112,2.5938566552901023,0.3076923076923077,0,2.2757417102966837
1.7766830870279149,2.8645251396648046,2.63481228668942,0.717948717948718,0,2.2729493891797556
1.793103448275862,2.865921787709497,2.6484641638225255,0.8205128205128205,0,2.2701570680628276
1.7799671592775042,2.86731843575419,2.6621160409556315,0.6153846153846154,0,2.267364746945898
1.799671592775041,2.8687150837988824,2.675767918088737,0.6153846153846154,0,2.2645724258289706
1.7766830870279149,2.8701117318435756,2.6621160409556315,0.5128205128205128,0,2.2617801047120416
1.7766830870279149,2.871508379888268,2.6621160409556315,0.717948717948718,0,2.2589877835951135
1.7766830870279149,2.872905027932961,2.6484641638225255,0.717948717948718,0,2.2561954624781846
1.7898193760262726,2.8743016759776534,2.6484641638225255,0.5128205128205128,0,2.2534031413612565
1.7865353037766831,2.875698324022346,2.6621160409556315,0.6153846153846154,0,2.2506108202443285
1.7898193760262726,2.8770949720670393,2.621160409556314,0.717948717948718,0,2.2478184991273995
1.7733990147783252,2.8784916201117317,2.5938566552901023,0.5128205128205128,0,2.245026178010471
1.7832512315270936,2.879888268156425,2.5938566552901023,0.717948717948718,0,2.2422338568935425
1.7701149425287357,2.881284916201117,2.621160409556314,0.4102564102564102,0,2.2394415357766144
1.7635467980295567,2.88268156424581,2.5938566552901023,0.5128205128205128,0,2.2366492146596855
1.7733990147783252,2.8840782122905027,2.621160409556314,0.8205128205128205,0,2.2338568935427574
1.7799671592775042,2.8854748603351954,2.5938566552901023,0.6153846153846154,0,2.2310645724258293
1.7733990147783252,2.8868715083798886,2.5938566552901023,0.6153846153846154,0,2.2282722513089004
1.7766830870279149,2.888268156424581,2.5938566552901023,0.717948717948718,0,2.2254799301919723
1.7799671592775042,2.8896648044692737,2.5665529010238908,0.717948717948718,0,2.2226876090750434
1.7799671592775042,2.8910614525139664,2.5665529010238908,0.717948717948718,0,2.2198952879581153
1.7569786535303775,2.892458100558659,2.5529010238907848,0.6153846153846154,0,2.2171029668411864
1.7733990147783252,2.893854748603352,2.525597269624573,0.717948717948718,0,2.2143106457242583
1.7733990147783252,2.8952513966480447,2.5529010238907848,0.6153846153846154,0,2.21151832460733
1.7865353037766831,2.896648044692737,2.525597269624573,0.717948717948718,0,2.2087260034904013
1.7733990147783252,2.89804469273743,2.4982935153583616,0.717948717948718,0,2.205933682373473
1.7668308702791462,2.899441340782123,2.525597269624573,0.5128205128205128,0,2.2031413612565443
1.7635467980295567,2.9008379888268156,2.47098976109215,0.5128205128205128,0,2.200349040139616
1.7668308702791462,2.9022346368715084,2.484641638225256,0.717948717948718,0,2.1975567190226872
1.7799671592775042,2.903631284916201,2.4982935153583616,0.717948717948718,0,2.194764397905759
1.7668308702791462,2.905027932960894,2.47098976109215,0.717948717948718,0,2.191972076788831
1.7701149425287357,2.906424581005586,2.47098976109215,0.717948717948718,0,2.189179755671902
1.7733990147783252,2.9078212290502794,2.416382252559727,0.717948717948718,0,2.186387434554974
1.7832512315270936,2.9092178770949717,2.4436860068259385,0.6153846153846154,0,2.183595113438045
1.7733990147783252,2.910614525139665,2.4436860068259385,0.6153846153846154,0,2.180802792321117
1.7569786535303775,2.9120111731843576,2.430034129692833,0.6153846153846154,0,2.178010471204188
1.7898193760262726,2.91340782122905,2.416382252559727,0.6153846153846154,0,2.17521815008726
1.7602627257799672,2.914804469273743,2.4027303754266214,0.717948717948718,0,2.172425828970332
1.7733990147783252,2.9162011173184355,2.430034129692833,0.6153846153846154,0,2.169633507853403
1.7799671592775042,2.9175977653631286,2.416382252559727,0.717948717948718,0,2.166841186736475
1.7898193760262726,2.918994413407821,2.416382252559727,0.8205128205128205,0,2.164048865619546
1.7799671592775042,2.920391061452514,2.4436860068259385,0.717948717948718,0,2.161256544502618
1.7799671592775042,2.921787709497207,2.4436860068259385,0.6153846153846154,0,2.158464223385689
1.7832512315270936,2.923184357541899,2.4573378839590445,0.717948717948718,0,2.155671902268761
1.799671592775041,2.9245810055865924,2.47098976109215,0.717948717948718,0,2.152879581151833
1.8095238095238095,2.9259776536312847,2.47098976109215,0.717948717948718,0,2.150087260034904
1.80623973727422,2.927374301675978,2.484641638225256,0.717948717948718,0,2.147294938917976
1.8160919540229885,2.92877094972067,2.484641638225256,0.717948717948718,0,2.144502617801047
1.799671592775041,2.930167597765363,2.4982935153583616,0.8205128205128205,0,2.141710296684119
1.8160919540229885,2.9315642458100557,2.525597269624573,0.717948717948718,0,2.13891797556719
1.7766830870279149,2.9329608938547485,2.484641638225256,0.717948717948718,0,2.136125654450262
1.8029556650246303,2.9343575418994416,2.5119453924914676,0.4102564102564102,0,2.1333333333333337
1.8095238095238095,2.935754189944134,2.5119453924914676,0.6153846153846154,0,2.130541012216405
1.812807881773399,2.9371508379888267,2.525597269624573,0.8205128205128205,0,2.1277486910994767
1.8029556650246303,2.9385474860335195,2.539249146757679,0.6153846153846154,0,2.124956369982548
1.819376026272578,2.939944134078212,2.6075085324232083,0.8205128205128205,0,2.1221640488656197
1.8423645320197044,2.941340782122905,2.6075085324232083,0.8205128205128205,0,2.1193717277486908
1.80623973727422,2.9427374301675977,2.621160409556314,0.6153846153846154,0,2.1165794066317627
1.8357963875205257,2.94413407821229,2.6484641638225255,0.717948717948718,0,2.113787085514834
1.845648604269294,2.945530726256983,2.7030716723549486,0.717948717948718,0,2.1109947643979057
1.8292282430213465,2.946927374301676,2.7167235494880546,0.9230769230769232,0,2.1082024432809776
1.8489326765188832,2.9483240223463687,2.744027303754266,0.8205128205128205,0,2.1054101221640487
1.8292282430213465,2.9497206703910615,2.7167235494880546,0.8205128205128205,0,2.1026178010471206
1.832512315270936,2.951117318435754,2.7986348122866893,0.717948717948718,0,2.0998254799301916
1.8522167487684729,2.952513966480447,2.7849829351535837,0.6153846153846154,0,2.0970331588132636
1.8489326765188832,2.9539106145251393,2.8532423208191124,0.9230769230769232,0,2.0942408376963355
1.8423645320197044,2.9553072625698324,2.8668941979522184,0.6153846153846154,0,2.0914485165794066
1.8522167487684729,2.956703910614525,2.8805460750853245,0.8205128205128205,0,2.0886561954624785
1.8522167487684729,2.958100558659218,2.8805460750853245,0.8205128205128205,0,2.0858638743455495
1.8423645320197044,2.9594972067039107,2.9215017064846416,0.9230769230769232,0,2.0830715532286215
1.858784893267652,2.960893854748603,2.962457337883959,0.717948717948718,0,2.0802792321116925
1.845648604269294,2.962290502793296,2.962457337883959,0.717948717948718,0,2.0774869109947645
1.8423645320197044,2.9636871508379885,2.9761092150170647,0.8205128205128205,0,2.0746945898778364
1.8423645320197044,2.9650837988826817,2.962457337883959,0.8205128205128205,0,2.071902268760907
1.845648604269294,2.966480446927374,3.0170648464163823,0.5128205128205128,0,2.0691099476439794
1.8522167487684729,2.967877094972067,3.044368600682594,0.717948717948718,0,2.0663176265270504
1.845648604269294,2.96927374301676,3.0170648464163823,0.6153846153846154,0,2.0635253054101224
1.8423645320197044,2.9706703910614523,3.044368600682594,0.717948717948718,0,2.0607329842931934
1.832512315270936,2.9720670391061454,3.0580204778157,0.717948717948718,0,2.0579406631762653
1.8489326765188832,2.9734636871508378,3.0716723549488054,0.8205128205128205,0,2.0551483420593364
1.839080459770115,2.974860335195531,3.0853242320819114,0.717948717948718,0,2.0523560209424083
1.8423645320197044,2.9762569832402233,3.098976109215017,0.717948717948718,0,2.0495636998254803
1.8357963875205257,2.977653631284916,3.1262798634812285,0.4102564102564102,0,2.0467713787085513
1.8357963875205257,2.9790502793296088,3.112627986348123,0.717948717948718,0,2.0439790575916232
1.819376026272578,2.9804469273743015,3.1399317406143346,0.5128205128205128,0,2.0411867364746943
1.839080459770115,2.9818435754189947,3.1945392491467577,0.6153846153846154,0,2.038394415357766
1.832512315270936,2.983240223463687,3.2354948805460753,0.8205128205128205,0,2.0356020942408373
1.825944170771757,2.98463687150838,3.2218430034129693,0.717948717948718,0,2.032809773123909
1.819376026272578,2.9860335195530725,3.2354948805460753,0.8205128205128205,0,2.030017452006981
1.8357963875205257,2.9874301675977653,3.2354948805460753,0.717948717948718,0,2.027225130890052
1.8292282430213465,2.988826815642458,3.2218430034129693,0.6153846153846154,0,2.024432809773124
1.832512315270936,2.9902234636871508,3.2354948805460753,0.8205128205128205,0,2.021640488656195
1.825944170771757,2.991620111731844,3.249146757679181,0.8205128205128205,0,2.018848167539267
1.832512315270936,2.9930167597765363,3.2354948805460753,0.717948717948718,0,2.016055846422338
1.825944170771757,2.994413407821229,3.2081911262798637,0.717948717948718,0,2.01326352530541
1.819376026272578,2.9958100558659218,3.2218430034129693,0.8205128205128205,0,2.010471204188482
1.819376026272578,2.9972067039106145,3.2218430034129693,0.5128205128205128,0,2.007678883071553
1.839080459770115,2.9986033519553073,3.2218430034129693,0.6153846153846154,0,2.004886561954625
1.8423645320197044,3.0,3.2081911262798637,0.6153846153846154,0,2.002094240837696
1.8292282430213465,3.0013966480446923,3.2354948805460753,0.8205128205128205,0,1.999301919720768
1.8423645320197044,3.0027932960893855,3.2081911262798637,0.8205128205128205,0,1.996509598603839
1.8357963875205257,3.0041899441340782,3.2081911262798637,0.6153846153846154,0,1.993717277486911
1.8292282430213465,3.005586592178771,3.2081911262798637,0.717948717948718,0,1.990924956369983
1.8292282430213465,3.0069832402234637,3.2354948805460753,0.8205128205128205,0,1.988132635253054
1.832512315270936,3.008379888268156,3.2081911262798637,0.717948717948718,0,1.985340314136126
1.8292282430213465,3.0097765363128492,3.2218430034129693,0.6153846153846154,0,1.982547993019197
1.825944170771757,3.0111731843575416,3.2354948805460753,0.5128205128205128,0,1.9797556719022689
1.8226600985221677,3.0125698324022347,3.2081911262798637,0.8205128205128205,0,1.97696335078534
1.8292282430213465,3.013966480446927,3.2354948805460753,0.6153846153846154,0,1.974171029668412
1.8292282430213465,3.01536312849162,3.249146757679181,0.6153846153846154,0,1.971378708551484
1.8226600985221677,3.016759776536313,3.249146757679181,0.717948717948718,0,1.9685863874345548
1.832512315270936,3.0181564245810053,3.2354948805460753,0.8205128205128205,0,1.9657940663176268
1.839080459770115,3.0195530726256985,3.249146757679181,0.717948717948718,0,1.9630017452006976
1.825944170771757,3.020949720670391,3.2218430034129693,0.8205128205128205,0,1.9602094240837695
1.839080459770115,3.022346368715084,3.249146757679181,0.8205128205128205,0,1.9574171029668408
1.845648604269294,3.0237430167597763,3.2354948805460753,0.8205128205128205,0,1.9546247818499127
1.845648604269294,3.025139664804469,3.249146757679181,0.6153846153846154,0,1.9518324607329849
1.8423645320197044,3.0265363128491622,3.262798634812287,0.8205128205128205,0,1.9490401396160555
1.8357963875205257,3.0279329608938546,3.249146757679181,0.8205128205128205,0,1.9462478184991276
1.858784893267652,3.0293296089385477,3.2218430034129693,0.8205128205128205,0,1.9434554973821987
1.845648604269294,3.03072625698324,3.2081911262798637,0.717948717948718,0,1.9406631762652704
1.8522167487684729,3.032122905027933,3.2081911262798637,0.9230769230769232,0,1.9378708551483417
1.8522167487684729,3.0335195530726256,3.1945392491467577,0.8205128205128205,0,1.9350785340314136
1.8522167487684729,3.0349162011173183,3.1399317406143346,0.717948717948718,0,1.9322862129144855
1.8719211822660096,3.036312849162011,3.2081911262798637,0.8205128205128205,0,1.9294938917975568
1.8555008210180624,3.037709497206704,3.2081911262798637,0.8205128205128205,0,1.9267015706806283
1.8653530377668308,3.039106145251397,3.1808873720136517,0.8205128205128205,0,1.9239092495636996
1.8719211822660096,3.0405027932960893,3.167235494880546,0.717948717948718,0,1.9211169284467715
1.8719211822660096,3.041899441340782,3.167235494880546,0.9230769230769232,0,1.9183246073298423
1.858784893267652,3.043296089385475,3.1808873720136517,0.9230769230769232,0,1.9155322862129145
1.8850574712643675,3.0446927374301676,3.1262798634812285,0.9230769230769232,0,1.9127399650959864
1.8850574712643675,3.0460893854748603,3.112627986348123,0.717948717948718,0,1.9099476439790577
1.8883415435139572,3.047486033519553,3.0853242320819114,0.8205128205128205,0,1.9071553228621296
1.8916256157635467,3.048882681564246,3.0716723549488054,0.717948717948718,0,1.9043630017452005
1.894909688013136,3.0502793296089385,3.030716723549488,0.9230769230769232,0,1.9015706806282724
1.894909688013136,3.0516759776536313,3.0170648464163823,0.8205128205128205,0,1.8987783595113432
1.8981937602627257,3.053072625698324,3.0170648464163823,0.8205128205128205,0,1.8959860383944152
1.9014778325123152,3.054469273743017,2.948805460750853,0.6153846153846154,0,1.8931937172774873
1.8981937602627257,3.055865921787709,2.948805460750853,1.0256410256410255,0,1.8904013961605584
1.908045977011494,3.0572625698324023,2.9351535836177476,1.0256410256410255,0,1.8876090750436303
1.9146141215106731,3.0586592178770946,2.89419795221843,0.9230769230769232,0,1.8848167539267011
1.9211822660098523,3.060055865921788,2.8668941979522184,1.0256410256410255,0,1.8820244328097733
1.9343185550082105,3.0614525139664805,2.825938566552901,0.9230769230769232,0,1.8792321116928443
1.908045977011494,3.0628491620111733,2.825938566552901,0.9230769230769232,0,1.8764397905759165
1.9277504105090313,3.064245810055866,2.825938566552901,0.8205128205128205,0,1.873647469458988
1.9343185550082105,3.0656424581005584,2.8122866894197953,0.9230769230769232,0,1.8708551483420592
1.9343185550082105,3.0670391061452515,2.8122866894197953,1.1282051282051282,0,1.8680628272251312
1.9146141215106731,3.068435754189944,2.744027303754266,1.0256410256410255,0,1.8652705061082024
1.9310344827586208,3.069832402234637,2.7986348122866893,1.1282051282051282,0,1.8624781849912744
1.9310344827586208,3.07122905027933,2.7713310580204777,1.1282051282051282,0,1.8596858638743452
1.9540229885057472,3.072625698324022,2.7849829351535837,0.9230769230769232,0,1.8568935427574171
1.947454844006568,3.0740223463687153,2.7713310580204777,1.1282051282051282,0,1.854101221640489
1.9441707717569787,3.0754189944134076,2.757679180887372,1.2307692307692308,0,1.85130890052356
1.9540229885057472,3.076815642458101,2.7849829351535837,0.9230769230769232,0,1.848516579406632
1.957307060755337,3.078212290502793,2.757679180887372,1.2307692307692308,0,1.845724258289703
1.9638752052545156,3.079608938547486,2.744027303754266,1.2307692307692308,0,1.842931937172775
1.9835796387520528,3.0810055865921786,2.744027303754266,0.9230769230769232,0,1.840139616055846
1.9605911330049264,3.0824022346368714,2.7303754266211606,1.2307692307692308,0,1.837347294938918
1.9770114942528736,3.083798882681564,2.7167235494880546,1.1282051282051282,0,1.83455497382199
1.9704433497536944,3.085195530726257,2.7303754266211606,1.2307692307692308,0,1.831762652705061
1.9835796387520528,3.08659217877095,2.744027303754266,1.2307692307692308,0,1.828970331588133
1.9835796387520528,3.0879888268156424,2.7030716723549486,1.1282051282051282,0,1.826178010471204
1.9901477832512315,3.089385474860335,2.7167235494880546,1.2307692307692308,0,1.823385689354276
1.9770114942528736,3.090782122905028,2.7030716723549486,1.2307692307692308,0,1.820593368237347
1.993431855500821,3.0921787709497206,2.7030716723549486,1.3333333333333333,0,1.817801047120419
1.986863711001642,3.093575418994414,2.7167235494880546,1.1282051282051282,0,1.8150087260034908
2.0,3.094972067039106,2.689419795221843,1.2307692307692308,0,1.812216404886562
1.9967159277504103,3.096368715083799,2.689419795221843,1.3333333333333333,0,1.8094240837696336
1.980295566502463,3.0977653631284916,2.689419795221843,0.9230769230769232,0,1.8066317626527049
1.9704433497536944,3.0991620111731844,2.7030716723549486,1.3333333333333333,0,1.8038394415357768
1.986863711001642,3.100558659217877,2.7303754266211606,1.2307692307692308,0,1.8010471204188478
1.9770114942528736,3.10195530726257,2.7167235494880546,1.3333333333333333,0,1.7982547993019198
1.986863711001642,3.103351955307262,2.7167235494880546,1.2307692307692308,0,1.7954624781849915
1.986863711001642,3.1047486033519553,2.7167235494880546,1.3333333333333333,0,1.7926701570680628
1.9835796387520528,3.1061452513966477,2.689419795221843,1.2307692307692308,0,1.7898778359511347
1.9835796387520528,3.107541899441341,2.6621160409556315,1.2307692307692308,0,1.7870855148342055
1.9770114942528736,3.1089385474860336,2.689419795221843,0.9230769230769232,0,1.7842931937172777
1.9770114942528736,3.1103351955307263,2.7030716723549486,1.3333333333333333,0,1.7815008726003487
1.986863711001642,3.111731843575419,2.6484641638225255,1.1282051282051282,0,1.7787085514834209
1.9901477832512315,3.1131284916201114,2.6621160409556315,1.0256410256410255,0,1.7759162303664917
1.9967159277504103,3.1145251396648046,2.6621160409556315,1.3333333333333333,0,1.7731239092495636
1.973727422003284,3.115921787709497,2.621160409556314,1.1282051282051282,0,1.7703315881326356
1.9770114942528736,3.11731843575419,2.63481228668942,1.0256410256410255,0,1.7675392670157066
1.986863711001642,3.1187150837988824,2.621160409556314,1.0256410256410255,0,1.7647469458987786
1.9671592775041051,3.120111731843575,2.580204778156997,1.1282051282051282,0,1.7619546247818496
1.986863711001642,3.1215083798882683,2.525597269624573,1.1282051282051282,0,1.7591623036649215
1.993431855500821,3.1229050279329607,2.4982935153583616,1.3333333333333333,0,1.7563699825479926
1.9638752052545156,3.124301675977654,2.484641638225256,1.2307692307692308,0,1.7535776614310643
1.9835796387520528,3.125698324022346,2.4436860068259385,1.2307692307692308,0,1.7507853403141365
1.980295566502463,3.127094972067039,2.37542662116041,1.3333333333333333,0,1.7479930191972075
1.9638752052545156,3.1284916201117317,2.361774744027304,1.3333333333333333,0,1.7452006980802794
1.9770114942528736,3.1298882681564244,2.348122866894198,1.3333333333333333,0,1.7424083769633505
1.9671592775041051,3.1312849162011176,2.2935153583617747,1.2307692307692308,0,1.7396160558464224
1.980295566502463,3.13268156424581,2.2389078498293515,1.3333333333333333,0,1.7368237347294937
1.973727422003284,3.134078212290503,2.197952218430034,1.435897435897436,0,1.7340314136125654
1.9770114942528736,3.1354748603351954,2.1706484641638224,1.3333333333333333,0,1.7312390924956371
1.9605911330049264,3.136871508379888,2.1296928327645053,1.5384615384615383,0,1.7284467713787084
1.9835796387520528,3.138268156424581,2.04778156996587,1.435897435897436,0,1.7256544502617803
1.9704433497536944,3.1396648044692737,2.0204778156996586,1.435897435897436,0,1.7228621291448514
1.9605911330049264,3.1410614525139664,1.9522184300341296,1.435897435897436,0,1.7200698080279233
1.9540229885057472,3.142458100558659,1.938566552901024,1.5384615384615383,0,1.7172774869109944
1.9704433497536944,3.143854748603352,1.9112627986348123,1.2307692307692308,0,1.7144851657940663
1.957307060755337,3.1452513966480447,1.8566552901023892,1.5384615384615383,0,1.7116928446771382
1.9638752052545156,3.1466480446927374,1.8156996587030716,1.435897435897436,0,1.7089005235602093
1.9376026272577995,3.14804469273743,1.7610921501706485,1.435897435897436,0,1.7061082024432812
1.9540229885057472,3.149441340782123,1.7747440273037542,1.641025641025641,0,1.7033158813263525
1.9343185550082105,3.150837988826815,1.7201365187713311,1.5384615384615383,0,1.7005235602094242
1.9441707717569787,3.1522346368715084,1.6791808873720135,1.5384615384615383,0,1.6977312390924952
1.9310344827586208,3.1536312849162007,1.651877133105802,1.5384615384615383,0,1.6949389179755672
1.9310344827586208,3.155027932960894,1.6382252559726962,1.641025641025641,0,1.692146596858639
1.9277504105090313,3.156424581005586,1.6109215017064846,1.7435897435897436,0,1.6893542757417102
1.9277504105090313,3.1578212290502794,1.5972696245733788,1.5384615384615383,0,1.686561954624782
1.9244663382594416,3.159217877094972,1.5699658703071673,1.435897435897436,0,1.6837696335078531
1.9343185550082105,3.1606145251396645,1.5563139931740615,1.7435897435897436,0,1.680977312390925
1.9244663382594416,3.1620111731843576,1.515358361774744,1.435897435897436,0,1.678184991273996
1.911330049261084,3.16340782122905,1.4880546075085324,1.8461538461538465,0,1.675392670157068
1.9014778325123152,3.164804469273743,1.4880546075085324,1.641025641025641,0,1.67260034904014
1.8981937602627257,3.166201117318436,1.4607508532423208,1.8461538461538465,0,1.669808027923211
1.894909688013136,3.167597765363128,1.4061433447098977,1.8461538461538465,0,1.667015706806283
1.8883415435139572,3.1689944134078214,1.4061433447098977,1.7435897435897436,0,1.664223385689354
1.8916256157635467,3.1703910614525137,1.392491467576792,1.8461538461538465,0,1.661431064572426
1.8850574712643675,3.171787709497207,1.3651877133105803,1.8461538461538465,0,1.658638743455497
1.8784893267651888,3.173184357541899,1.3378839590443683,1.948717948717949,0,1.655846422338569
1.8784893267651888,3.1745810055865924,1.310580204778157,1.8461538461538465,0,1.6530541012216409
1.8817733990147785,3.1759776536312847,1.310580204778157,1.948717948717949,0,1.650261780104712
1.8719211822660096,3.1773743016759775,1.2696245733788396,1.948717948717949,0,1.647469458987784
1.8489326765188832,3.17877094972067,1.2832764505119454,1.948717948717949,0,1.644677137870855
1.845648604269294,3.180167597765363,1.242320819112628,1.8461538461538465,0,1.6418848167539268
1.8357963875205257,3.181564245810056,1.2286689419795225,1.8461538461538465,0,1.639092495636998
1.839080459770115,3.1829608938547485,1.2286689419795225,1.7435897435897436,0,1.6363001745200698
1.832512315270936,3.184357541899441,1.187713310580205,1.948717948717949,0,1.6335078534031418
1.832512315270936,3.185754189944134,1.2013651877133107,1.948717948717949,0,1.6307155322862128
1.8160919540229885,3.1871508379888267,1.174061433447099,2.051282051282051,0,1.6279232111692847
1.8292282430213465,3.1885474860335195,1.174061433447099,1.7435897435897436,0,1.6251308900523558
1.8292282430213465,3.189944134078212,1.174061433447099,2.051282051282051,0,1.6223385689354275
1.832512315270936,3.191340782122905,1.1604095563139931,1.948717948717949,0,1.6195462478184988
1.8226600985221677,3.1927374301675977,1.1604095563139931,2.051282051282051,0,1.6167539267015707
1.8357963875205257,3.1941340782122905,1.1194539249146758,1.948717948717949,0,1.6139616055846426
1.80623973727422,3.195530726256983,1.1467576791808871,2.051282051282051,0,1.6111692844677137
1.819376026272578,3.196927374301676,1.10580204778157,1.948717948717949,0,1.6083769633507856
1.8226600985221677,3.1983240223463683,1.10580204778157,2.1538461538461537,0,1.6055846422338569
1.80623973727422,3.1997206703910615,1.0921501706484642,2.051282051282051,0,1.6027923211169286
1.8160919540229885,3.201117318435754,1.0511945392491469,2.2564102564102564,0,1.5999999999999996
1.819376026272578,3.202513966480447,1.0648464163822526,2.051282051282051,0,1.5972076788830716
1.80623973727422,3.2039106145251397,1.0375426621160408,2.051282051282051,0,1.5944153577661435
1.8029556650246303,3.2053072625698324,1.023890784982935,2.358974358974359,0,1.5916230366492146
1.7865353037766831,3.206703910614525,0.969283276450512,2.358974358974359,0,1.5888307155322865
1.7963875205254516,3.2081005586592175,0.955631399317406,2.358974358974359,0,1.5860383944153575
1.7733990147783252,3.2094972067039107,0.9419795221843004,2.4615384615384617,0,1.5832460732984297
1.7504105090311988,3.210893854748603,0.9146757679180888,2.4615384615384617,0,1.5804537521815003
1.7438423645320198,3.212290502793296,0.9010238907849828,2.5641025641025643,0,1.5776614310645725
1.7405582922824303,3.213687150837989,0.8600682593856656,2.5641025641025643,0,1.5748691099476444
1.7372742200328408,3.2150837988826813,0.8327645051194539,2.5641025641025643,0,1.5720767888307154
1.7142857142857142,3.2164804469273744,0.8054607508532423,2.6666666666666665,0,1.5692844677137874
1.7011494252873562,3.2178770949720668,0.7918088737201365,2.769230769230769,0,1.5664921465968584
1.681444991789819,3.21927374301676,0.764505119453925,2.5641025641025643,0,1.5636998254799304
1.665024630541872,3.2206703910614523,0.7235494880546075,2.871794871794872,0,1.5609075043630014
1.645320197044335,3.2220670391061454,0.6689419795221843,2.871794871794872,0,1.5581151832460731
1.61247947454844,3.2234636871508378,0.6416382252559727,2.769230769230769,0,1.5553228621291453
1.599343185550082,3.2248603351955305,0.6416382252559727,2.9743589743589745,0,1.5525305410122163
1.5665024630541873,3.2262569832402237,0.5870307167235495,2.9743589743589745,0,1.5497382198952885
1.5402298850574712,3.227653631284916,0.6006825938566553,2.9743589743589745,0,1.5469458987783593
1.4975369458128078,3.229050279329609,0.5597269624573379,3.076923076923077,0,1.5441535776614312
1.477832512315271,3.2304469273743015,0.5460750853242321,2.9743589743589745,0,1.5413612565445023
1.451559934318555,3.2318435754189943,0.5187713310580204,3.282051282051282,0,1.5385689354275742
1.4285714285714286,3.233240223463687,0.5051194539249146,3.076923076923077,0,1.5357766143106462
1.3990147783251232,3.23463687150838,0.4914675767918088,3.1794871794871793,0,1.5329842931937172
1.3661740558292284,3.236033519553073,0.4641638225255973,3.282051282051282,0,1.5301919720767891
1.3366174055829227,3.2374301675977653,0.4505119453924914,3.3846153846153846,0,1.5273996509598602
1.3234811165845648,3.238826815642458,0.409556313993174,3.1794871794871793,0,1.524607329842932
1.2873563218390804,3.2402234636871508,0.4232081911262799,3.3846153846153846,0,1.5218150087260032
1.2545155993431856,3.2416201117318435,0.3959044368600682,3.3846153846153846,0,1.519022687609075
1.2413793103448276,3.2430167597765363,0.3822525597269625,3.3846153846153846,0,1.5162303664921462
1.2052545155993433,3.244413407821229,0.3822525597269625,3.4871794871794872,0,1.513438045375218
1.1855500821018063,3.2458100558659213,0.3412969283276451,3.282051282051282,0,1.51064572425829
1.1592775041050902,3.2472067039106145,0.3139931740614334,3.4871794871794872,0,1.507853403141361
1.1330049261083743,3.2486033519553073,0.3003412969283277,3.282051282051282,0,1.505061082024433
1.103448275862069,3.25,0.3276450511945392,3.282051282051282,0,1.502268760907504
1.070607553366174,3.2513966480446927,0.3003412969283277,3.4871794871794872,0,1.499476439790576
1.0509031198686372,3.2527932960893855,0.3003412969283277,3.3846153846153846,0,1.496684118673647
1.0246305418719213,3.2541899441340782,0.273037542662116,3.4871794871794872,0,1.493891797556719
1.0016420361247949,3.2555865921787706,0.2320819112627986,3.4871794871794872,0,1.491099476439791
0.9753694581280788,3.2569832402234637,0.2320819112627986,3.4871794871794872,0,1.488307155322862
0.9523809523809524,3.258379888268156,0.2184300341296928,3.1794871794871793,0,1.485514834205934
0.9195402298850576,3.2597765363128492,0.2184300341296928,3.282051282051282,0,1.482722513089005
0.8899835796387521,3.261173184357542,0.2184300341296928,3.282051282051282,0,1.4799301919720769
0.8702791461412152,3.2625698324022343,0.2184300341296928,3.3846153846153846,0,1.477137870855148
0.8472906403940886,3.2639664804469275,0.2184300341296928,3.1794871794871793,0,1.47434554973822
0.8144499178981938,3.26536312849162,0.204778156996587,3.282051282051282,0,1.4715532286212918
0.7947454844006568,3.266759776536313,0.204778156996587,3.1794871794871793,0,1.4687609075043628
0.7651888341543513,3.2681564245810053,0.1911262798634812,3.1794871794871793,0,1.4659685863874348
0.7454844006568144,3.2695530726256985,0.204778156996587,3.1794871794871793,0,1.4631762652705058
0.7126436781609196,3.2709497206703912,0.1774744027303754,3.076923076923077,0,1.4603839441535778
0.6830870279146142,3.2723463687150836,0.1911262798634812,3.076923076923077,0,1.4575916230366488
0.6633825944170771,3.2737430167597767,0.1911262798634812,2.9743589743589745,0,1.4547993019197207
0.6403940886699507,3.275139664804469,0.1774744027303754,2.871794871794872,0,1.452006980802793
0.6272577996715928,3.2765363128491622,0.1911262798634812,2.871794871794872,0,1.4492146596858635
0.6042692939244664,3.2779329608938546,0.1774744027303754,3.076923076923077,0,1.4464223385689357
0.5845648604269293,3.2793296089385473,0.1774744027303754,2.9743589743589745,0,1.4436300174520067
0.5714285714285714,3.28072625698324,0.1774744027303754,2.871794871794872,0,1.4408376963350786
0.548440065681445,3.282122905027933,0.1774744027303754,2.9743589743589745,0,1.4380453752181497
0.5385878489326765,3.283519553072626,0.1638225255972696,2.9743589743589745,0,1.4352530541012216
0.5254515599343186,3.2849162011173183,0.1774744027303754,2.871794871794872,0,1.4324607329842935
0.5057471264367817,3.286312849162011,0.1638225255972696,2.871794871794872,0,1.4296684118673646
0.4958949096880131,3.287709497206704,0.136518771331058,2.9743589743589745,0,1.4268760907504363
0.4827586206896552,3.289106145251397,0.1638225255972696,2.871794871794872,0,1.4240837696335076
0.4663382594417077,3.2905027932960893,0.1638225255972696,2.871794871794872,0,1.4212914485165795
0.4532019704433497,3.291899441340782,0.1638225255972696,2.5641025641025643,0,1.4184991273996506
0.4400656814449918,3.2932960893854744,0.1638225255972696,2.769230769230769,0,1.4157068062827225
0.4302134646962233,3.2946927374301676,0.1638225255972696,2.769230769230769,0,1.4129144851657944
0.4137931034482758,3.2960893854748603,0.1911262798634812,2.6666666666666665,0,1.4101221640488657
0.4039408866995074,3.297486033519553,0.1638225255972696,2.769230769230769,0,1.4073298429319374
0.3973727422003284,3.298882681564246,0.1638225255972696,2.769230769230769,0,1.4045375218150085
0.3908045977011494,3.3002793296089385,0.204778156996587,2.6666666666666665,0,1.4017452006980804
0.3842364532019704,3.3016759776536313,0.204778156996587,2.769230769230769,0,1.3989528795811514
0.3743842364532019,3.3030726256983236,0.204778156996587,2.6666666666666665,0,1.3961605584642234
0.3711001642036124,3.304469273743017,0.2184300341296928,2.5641025641025643,0,1.393368237347295
0.3645320197044335,3.3058659217877095,0.1774744027303754,2.769230769230769,0,1.3905759162303664
0.3579638752052545,3.3072625698324023,0.204778156996587,2.6666666666666665,0,1.3877835951134383
0.354679802955665,3.308659217877095,0.2184300341296928,2.5641025641025643,0,1.3849912739965091
0.348111658456486,3.3100558659217874,0.204778156996587,2.769230769230769,0,1.3821989528795813
0.3382594417077175,3.3114525139664805,0.204778156996587,2.769230769230769,0,1.3794066317626523
0.334975369458128,3.312849162011173,0.1774744027303754,2.5641025641025643,0,1.3766143106457245
0.3251231527093596,3.314245810055866,0.2184300341296928,2.769230769230769,0,1.3738219895287962
0.3054187192118227,3.3156424581005584,0.2184300341296928,2.6666666666666665,0,1.3710296684118672
0.3054187192118227,3.3170391061452515,0.204778156996587,2.5641025641025643,0,1.3682373472949392
0.2889983579638752,3.3184357541899443,0.2184300341296928,2.871794871794872,0,1.3654450261780102
0.2791461412151067,3.3198324022346366,0.2320819112627986,2.769230769230769,0,1.3626527050610822
0.2660098522167488,3.32122905027933,0.204778156996587,2.769230769230769,0,1.3598603839441532
0.2561576354679803,3.322625698324022,0.2184300341296928,2.871794871794872,0,1.3570680628272251
0.2364532019704433,3.3240223463687153,0.2593856655290102,2.769230769230769,0,1.354275741710297
0.2266009852216748,3.3254189944134076,0.2593856655290102,2.6666666666666665,0,1.351483420593368
0.2134646962233169,3.3268156424581004,0.273037542662116,2.6666666666666665,0,1.34869109947644
0.2003284072249589,3.328212290502793,0.273037542662116,2.871794871794872,0,1.345898778359511
0.1839080459770115,3.329608938547486,0.3003412969283277,2.871794871794872,0,1.343106457242583
0.174055829228243,3.331005586592179,0.3003412969283277,2.769230769230769,0,1.340314136125654
0.1576354679802955,3.3324022346368714,0.3276450511945392,2.769230769230769,0,1.337521815008726
0.1510673234811166,3.333798882681564,0.3412969283276451,2.871794871794872,0,1.334729493891798
0.1444991789819376,3.335195530726257,0.3412969283276451,2.6666666666666665,0,1.331937172774869
0.1313628899835796,3.3365921787709496,0.3686006825938566,2.9743589743589745,0,1.329144851657941
0.1149425287356321,3.3379888268156424,0.3686006825938566,2.6666666666666665,0,1.326352530541012
0.1247947454844006,3.339385474860335,0.3822525597269625,2.871794871794872,0,1.323560209424084
0.1215106732348111,3.3407821229050283,0.409556313993174,2.871794871794872,0,1.320767888307155
0.1116584564860427,3.3421787709497206,0.4232081911262799,2.871794871794872,0,1.317975567190227
0.1116584564860427,3.343575418994414,0.4232081911262799,2.871794871794872,0,1.3151832460732988
0.1116584564860427,3.344972067039106,0.4232081911262799,2.871794871794872,0,1.31239092495637
0.1050903119868637,3.346368715083799,0.4368600682593856,2.871794871794872,0,1.3095986038394418
0.1083743842364532,3.3477653631284916,0.4368600682593856,2.769230769230769,0,1.3068062827225129
0.1116584564860427,3.3491620111731844,0.4368600682593856,2.871794871794872,0,1.3040139616055848
0.1050903119868637,3.3505586592178767,0.4368600682593856,2.769230769230769,0,1.301221640488656
0.1083743842364532,3.35195530726257,0.4368600682593856,2.769230769230769,0,1.2984293193717278
0.1050903119868637,3.3533519553072626,0.4505119453924914,2.769230769230769,0,1.2956369982547995
0.1083743842364532,3.3547486033519553,0.4505119453924914,2.769230769230769,0,1.2928446771378708
0.1018062397372742,3.356145251396648,0.4368600682593856,2.769230769230769,0,1.2900523560209427
0.1050903119868637,3.3575418994413404,0.4641638225255973,2.769230769230769,0,1.2872600349040138
0.0952380952380952,3.3589385474860336,0.4641638225255973,2.6666666666666665,0,1.2844677137870857
0.1050903119868637,3.360335195530726,0.4914675767918088,2.769230769230769,0,1.2816753926701567
0.0952380952380952,3.361731843575419,0.4914675767918088,2.5641025641025643,0,1.278883071553229
0.1050903119868637,3.3631284916201114,0.5051194539249146,2.6666666666666665,0,1.2760907504363006
0.1018062397372742,3.3645251396648046,0.4914675767918088,2.5641025641025643,0,1.2732984293193716
0.0985221674876847,3.3659217877094973,0.5324232081911263,2.5641025641025643,0,1.2705061082024436
0.0952380952380952,3.3673184357541897,0.5460750853242321,2.4615384615384617,0,1.2677137870855146
0.0985221674876847,3.368715083798883,0.5324232081911263,2.358974358974359,0,1.2649214659685866
0.0919540229885057,3.370111731843575,0.5733788395904437,2.4615384615384617,0,1.2621291448516576
0.0919540229885057,3.3715083798882683,0.5733788395904437,2.2564102564102564,0,1.2593368237347295
0.0952380952380952,3.3729050279329607,0.5870307167235495,2.4615384615384617,0,1.2565445026178017
0.0919540229885057,3.3743016759776534,0.6006825938566553,2.358974358974359,0,1.2537521815008723
0.0985221674876847,3.3756983240223466,0.6006825938566553,2.2564102564102564,0,1.2509598603839445
0.0985221674876847,3.377094972067039,0.5870307167235495,2.051282051282051,0,1.2481675392670155
0.1018062397372742,3.378491620111732,0.6143344709897611,2.051282051282051,0,1.2453752181500874
0.1018062397372742,3.3798882681564244,0.6143344709897611,2.1538461538461537,0,1.2425828970331585
0.0919540229885057,3.381284916201117,0.6689419795221843,2.1538461538461537,0,1.2397905759162304
0.0985221674876847,3.38268156424581,0.6825938566552902,2.1538461538461537,0,1.2369982547993017
0.0985221674876847,3.3840782122905027,0.7098976109215017,1.948717948717949,0,1.2342059336823734
0.0952380952380952,3.3854748603351954,0.7098976109215017,2.051282051282051,0,1.2314136125654451
0.0985221674876847,3.386871508379888,0.7372013651877133,1.948717948717949,0,1.2286212914485164
0.0952380952380952,3.3882681564245813,0.7508532423208191,1.7435897435897436,0,1.2258289703315883
0.0886699507389162,3.3896648044692737,0.764505119453925,1.7435897435897436,0,1.2230366492146594
0.0952380952380952,3.3910614525139664,0.7781569965870307,1.948717948717949,0,1.220244328097731
0.1018062397372742,3.392458100558659,0.7918088737201365,1.8461538461538465,0,1.2174520069808024
0.0985221674876847,3.393854748603352,0.7918088737201365,1.641025641025641,0,1.2146596858638743
0.0952380952380952,3.3952513966480447,0.764505119453925,1.7435897435897436,0,1.2118673647469462
0.1050903119868637,3.3966480446927374,0.8191126279863481,1.7435897435897436,0,1.2090750436300173
0.0985221674876847,3.3980446927374297,0.8054607508532423,1.7435897435897436,0,1.2062827225130892
0.1050903119868637,3.399441340782123,0.8327645051194539,1.5384615384615383,0,1.2034904013961605
0.1083743842364532,3.4008379888268156,0.8191126279863481,1.641025641025641,0,1.2006980802792322
0.1050903119868637,3.4022346368715084,0.8327645051194539,1.641025641025641,0,1.1979057591623032
0.1083743842364532,3.403631284916201,0.8464163822525598,1.641025641025641,0,1.1951134380453752
0.1050903119868637,3.4050279329608935,0.8327645051194539,1.435897435897436,0,1.1923211169284471
0.1116584564860427,3.406424581005586,0.8464163822525598,1.5384615384615383,0,1.1895287958115182
0.1116584564860427,3.407821229050279,0.8464163822525598,1.641025641025641,0,1.18673647469459
0.1083743842364532,3.409217877094972,0.8327645051194539,1.5384615384615383,0,1.1839441535776611
0.1083743842364532,3.410614525139665,0.8464163822525598,1.5384615384615383,0,1.181151832460733
0.1116584564860427,3.4120111731843576,0.8600682593856656,1.5384615384615383,0,1.178359511343804
0.1083743842364532,3.4134078212290504,0.8873720136518771,1.5384615384615383,0,1.175567190226876
0.1116584564860427,3.4148044692737427,0.8737201365187713,1.435897435897436,0,1.172774869109948
0.1050903119868637,3.416201117318436,0.9010238907849828,1.5384615384615383,0,1.169982547993019
0.1083743842364532,3.417597765363128,0.9010238907849828,1.435897435897436,0,1.167190226876091
0.1050903119868637,3.4189944134078214,0.9010238907849828,1.3333333333333333,0,1.164397905759162
0.1083743842364532,3.4203910614525137,0.9419795221843004,1.435897435897436,0,1.161605584642234
0.1050903119868637,3.4217877094972065,0.9010238907849828,1.3333333333333333,0,1.158813263525305
0.0985221674876847,3.4231843575418996,0.9419795221843004,1.435897435897436,0,1.156020942408377
0.1018062397372742,3.424581005586592,0.9419795221843004,1.5384615384615383,0,1.1532286212914489
0.1018062397372742,3.425977653631285,0.969283276450512,1.3333333333333333,0,1.15043630017452
0.0952380952380952,3.4273743016759775,0.9010238907849828,1.435897435897436,0,1.147643979057592
0.0952380952380952,3.42877094972067,0.955631399317406,1.435897435897436,0,1.144851657940663
0.0985221674876847,3.430167597765363,0.969283276450512,1.5384615384615383,0,1.1420593368237348
0.0919540229885057,3.4315642458100557,0.9829351535836176,1.435897435897436,0,1.139267015706806
0.0952380952380952,3.4329608938547485,0.9829351535836176,1.435897435897436,0,1.1364746945898778
0.0985221674876847,3.434357541899441,0.955631399317406,1.5384615384615383,0,1.1336823734729498
0.0886699507389162,3.4357541899441344,0.9829351535836176,1.435897435897436,0,1.1308900523560208
0.0952380952380952,3.4371508379888267,0.9965870307167236,1.435897435897436,0,1.1280977312390927
0.0919540229885057,3.4385474860335195,0.9965870307167236,1.5384615384615383,0,1.1253054101221638
0.0919540229885057,3.439944134078212,0.9965870307167236,1.5384615384615383,0,1.1225130890052355
0.0919540229885057,3.441340782122905,1.0102389078498293,1.435897435897436,0,1.1197207678883068
0.0821018062397372,3.4427374301675977,0.9829351535836176,1.641025641025641,0,1.1169284467713787
0.0886699507389162,3.4441340782122905,0.9965870307167236,1.5384615384615383,0,1.1141361256544506
0.0886699507389162,3.445530726256983,1.023890784982935,1.5384615384615383,0,1.1113438045375217
0.0853858784893267,3.446927374301676,1.023890784982935,1.435897435897436,0,1.1085514834205936
0.0853858784893267,3.4483240223463687,1.023890784982935,1.641025641025641,0,1.1057591623036649
0.0788177339901477,3.4497206703910615,1.0375426621160408,1.641025641025641,0,1.1029668411867366
0.0788177339901477,3.451117318435754,1.0511945392491469,1.641025641025641,0,1.1001745200698076
0.0788177339901477,3.4525139664804465,1.0511945392491469,1.641025641025641,0,1.0973821989528796
0.0788177339901477,3.4539106145251397,1.0511945392491469,1.7435897435897436,0,1.0945898778359515
0.0755336617405583,3.455307262569832,1.0511945392491469,1.5384615384615383,0,1.0917975567190226
0.0755336617405583,3.456703910614525,1.0784982935153584,1.641025641025641,0,1.0890052356020945
0.0722495894909688,3.458100558659218,1.0511945392491469,1.641025641025641,0,1.0862129144851655
0.0755336617405583,3.4594972067039107,1.0921501706484642,1.641025641025641,0,1.0834205933682377
0.0689655172413793,3.460893854748603,1.0375426621160408,1.7435897435897436,0,1.0806282722513083
0.0623973727422003,3.462290502793296,1.10580204778157,1.641025641025641,0,1.0778359511343805
0.0689655172413793,3.463687150837989,1.0921501706484642,1.641025641025641,0,1.0750436300174524
0.0623973727422003,3.4650837988826813,1.10580204778157,1.7435897435897436,0,1.0722513089005234
0.0623973727422003,3.4664804469273744,1.1194539249146758,1.641025641025641,0,1.0694589877835954
0.0656814449917898,3.4678770949720668,1.1194539249146758,1.8461538461538465,0,1.0666666666666664
0.0656814449917898,3.4692737430167595,1.1331058020477816,1.7435897435897436,0,1.0638743455497384
0.0623973727422003,3.4706703910614527,1.1331058020477816,1.7435897435897436,0,1.0610820244328094
0.0591133004926108,3.472067039106145,1.10580204778157,1.7435897435897436,0,1.0582897033158811
0.0623973727422003,3.473463687150838,1.1604095563139931,1.641025641025641,0,1.0554973821989533
0.0656814449917898,3.4748603351955305,1.1331058020477816,1.7435897435897436,0,1.0527050610820243
0.0591133004926108,3.4762569832402233,1.1604095563139931,1.8461538461538465,0,1.0499127399650965
0.0623973727422003,3.477653631284916,1.1331058020477816,1.8461538461538465,0,1.047120418848167
0.0558292282430213,3.4790502793296088,1.174061433447099,1.641025641025641,0,1.0443280977312392
0.0591133004926108,3.480446927374302,1.1604095563139931,1.7435897435897436,0,1.0415357766143103
0.0591133004926108,3.4818435754189943,1.1194539249146758,1.7435897435897436,0,1.0387434554973822
0.0623973727422003,3.483240223463687,1.187713310580205,1.8461538461538465,0,1.0359511343804542
0.0558292282430213,3.48463687150838,1.2013651877133107,1.7435897435897436,0,1.0331588132635252
0.0623973727422003,3.4860335195530725,1.2013651877133107,1.8461538461538465,0,1.0303664921465971
0.0623973727422003,3.4874301675977653,1.2150170648464165,1.641025641025641,0,1.0275741710296682
0.0623973727422003,3.488826815642458,1.2150170648464165,1.7435897435897436,0,1.02478184991274
0.0623973727422003,3.4902234636871508,1.2150170648464165,1.8461538461538465,0,1.0219895287958112
0.0623973727422003,3.4916201117318435,1.2286689419795225,1.641025641025641,0,1.019197207678883
0.0623973727422003,3.4930167597765363,1.242320819112628,1.7435897435897436,0,1.016404886561955
0.0591133004926108,3.494413407821229,1.242320819112628,1.5384615384615383,0,1.013612565445026
0.0591133004926108,3.4958100558659218,1.242320819112628,1.435897435897436,0,1.010820244328098
0.0558292282430213,3.4972067039106145,1.2559726962457338,1.7435897435897436,0,1.008027923211169
0.0558292282430213,3.4986033519553073,1.2559726962457338,1.7435897435897436,0,1.005235602094241
0.0623973727422003,3.4999999999999996,1.2696245733788396,1.5384615384615383,0,1.002443280977312
0.0623973727422003,3.5013966480446927,1.2559726962457338,1.641025641025641,0,0.999650959860384
0.0591133004926108,3.502793296089385,1.2559726962457338,1.7435897435897436,0,0.996858638743456
0.0656814449917898,3.5041899441340782,1.2559726962457338,1.641025641025641,0,0.994066317626527
0.0656814449917898,3.505586592178771,1.242320819112628,1.7435897435897436,0,0.9912739965095988
0.0656814449917898,3.5069832402234637,1.2696245733788396,1.641025641025641,0,0.98848167539267
0.0656814449917898,3.5083798882681565,1.2559726962457338,1.641025641025641,0,0.985689354275742
0.0656814449917898,3.509776536312849,1.2559726962457338,1.5384615384615383,0,0.9828970331588128
0.0591133004926108,3.511173184357542,1.2696245733788396,1.7435897435897436,0,0.9801047120418848
0.0656814449917898,3.5125698324022343,1.242320819112628,1.5384615384615383,0,0.9773123909249568
0.0623973727422003,3.5139664804469275,1.242320819112628,1.641025641025641,0,0.974520069808028
0.0656814449917898,3.51536312849162,1.2696245733788396,1.435897435897436,0,0.9717277486910998
0.0656814449917898,3.516759776536313,1.2696245733788396,1.7435897435897436,0,0.9689354275741708
0.0623973727422003,3.5181564245810057,1.2969283276450512,1.5384615384615383,0,0.9661431064572428
0.0689655172413793,3.519553072625698,1.310580204778157,1.641025641025641,0,0.9633507853403138
0.0689655172413793,3.5209497206703912,1.310580204778157,1.641025641025641,0,0.9605584642233858
0.0689655172413793,3.5223463687150836,1.3242320819112627,1.1282051282051282,0,0.9577661431064568
0.0623973727422003,3.5237430167597767,1.3515358361774743,1.5384615384615383,0,0.9549738219895288
0.0656814449917898,3.525139664804469,1.3515358361774743,1.3333333333333333,0,0.9521815008726008
0.0689655172413793,3.526536312849162,1.378839590443686,1.641025641025641,0,0.9493891797556716
0.0656814449917898,3.527932960893855,1.3515358361774743,1.435897435897436,0,0.9465968586387437
0.0689655172413793,3.5293296089385473,1.378839590443686,1.435897435897436,0,0.9438045375218148
0.0689655172413793,3.5307262569832405,1.392491467576792,1.435897435897436,0,0.9410122164048866
0.0689655172413793,3.532122905027933,1.392491467576792,1.5384615384615383,0,0.9382198952879576
0.0689655172413793,3.5335195530726256,1.4061433447098977,1.435897435897436,0,0.9354275741710296
0.0722495894909688,3.5349162011173183,1.4061433447098977,1.3333333333333333,0,0.9326352530541016
0.0755336617405583,3.536312849162011,1.4061433447098977,1.5384615384615383,0,0.9298429319371726
0.0755336617405583,3.537709497206704,1.4334470989761092,1.435897435897436,0,0.9270506108202444
0.0722495894909688,3.539106145251397,1.4334470989761092,1.435897435897436,0,0.9242582897033156
0.0722495894909688,3.5405027932960893,1.4334470989761092,1.2307692307692308,0,0.9214659685863876
0.0788177339901477,3.541899441340782,1.447098976109215,1.435897435897436,0,0.9186736474694586
0.0755336617405583,3.543296089385475,1.4744027303754266,1.3333333333333333,0,0.9158813263525304
0.0755336617405583,3.5446927374301676,1.4607508532423208,1.3333333333333333,0,0.9130890052356024
0.0821018062397372,3.5460893854748603,1.4880546075085324,1.3333333333333333,0,0.9102966841186736
0.0788177339901477,3.5474860335195526,1.501706484641638,1.2307692307692308,0,0.9075043630017454
0.0821018062397372,3.548882681564246,1.501706484641638,1.1282051282051282,0,0.9047120418848164
0.0821018062397372,3.5502793296089385,1.501706484641638,1.1282051282051282,0,0.9019197207678884
0.0755336617405583,3.5516759776536313,1.501706484641638,1.3333333333333333,0,0.8991273996509594
0.0821018062397372,3.553072625698324,1.501706484641638,1.2307692307692308,0,0.8963350785340314
0.0821018062397372,3.554469273743017,1.52901023890785,0.9230769230769232,0,0.8935427574171033
0.0788177339901477,3.5558659217877095,1.5563139931740615,1.2307692307692308,0,0.8907504363001744
0.0853858784893267,3.557262569832402,1.5699658703071673,1.1282051282051282,0,0.8879581151832463
0.0853858784893267,3.558659217877095,1.5699658703071673,1.1282051282051282,0,0.8851657940663173
0.0886699507389162,3.5600558659217874,1.583617747440273,1.1282051282051282,0,0.8823734729493893
0.0853858784893267,3.5614525139664805,1.583617747440273,1.2307692307692308,0,0.8795811518324603
0.0886699507389162,3.5628491620111733,1.6109215017064846,1.1282051282051282,0,0.8767888307155323
0.0853858784893267,3.5642458100558656,1.6245733788395904,0.9230769230769232,0,0.8739965095986042
0.0886699507389162,3.565642458100559,1.6245733788395904,1.1282051282051282,0,0.8712041884816752
0.0886699507389162,3.567039106145251,1.6245733788395904,1.2307692307692308,0,0.8684118673647472
0.0821018062397372,3.5684357541899443,1.6382252559726962,1.2307692307692308,0,0.8656195462478182
0.0886699507389162,3.5698324022346366,1.651877133105802,1.1282051282051282,0,0.8628272251308902
0.0853858784893267,3.57122905027933,1.6791808873720135,1.1282051282051282,0,0.8600349040139612
0.0821018062397372,3.572625698324022,1.651877133105802,1.1282051282051282,0,0.8572425828970331
0.0886699507389162,3.574022346368715,1.6791808873720135,1.0256410256410255,0,0.8544502617801051
0.0853858784893267,3.575418994413408,1.6791808873720135,1.0256410256410255,0,0.8516579406631761
0.0853858784893267,3.5768156424581004,1.6928327645051195,1.2307692307692308,0,0.8488656195462481
0.0788177339901477,3.5782122905027935,1.7201365187713311,1.2307692307692308,0,0.8460732984293191
0.0853858784893267,3.579608938547486,1.733788395904437,1.1282051282051282,0,0.843280977312391
0.0853858784893267,3.5810055865921786,1.733788395904437,1.2307692307692308,0,0.8404886561954621
0.0853858784893267,3.5824022346368714,1.747440273037543,1.2307692307692308,0,0.837696335078534
0.0788177339901477,3.583798882681564,1.78839590443686,1.2307692307692308,0,0.834904013961606
0.0853858784893267,3.5851955307262573,1.78839590443686,1.2307692307692308,0,0.832111692844677
0.0821018062397372,3.5865921787709496,1.8293515358361776,1.2307692307692308,0,0.8293193717277489
0.0821018062397372,3.5879888268156424,1.8293515358361776,1.1282051282051282,0,0.82652705061082
0.0755336617405583,3.589385474860335,1.8293515358361776,1.2307692307692308,0,0.8237347294938919
0.0821018062397372,3.590782122905028,1.8293515358361776,1.2307692307692308,0,0.820942408376963
0.0788177339901477,3.5921787709497206,1.870307167235495,1.3333333333333333,0,0.8181500872600349
0.0788177339901477,3.593575418994414,1.870307167235495,1.2307692307692308,0,0.8153577661431068
0.0788177339901477,3.5949720670391057,1.8839590443686007,1.3333333333333333,0,0.8125654450261779
0.0755336617405583,3.596368715083799,1.8976109215017063,1.1282051282051282,0,0.8097731239092498
0.0788177339901477,3.5977653631284916,1.8976109215017063,1.3333333333333333,0,0.8069808027923209
0.0788177339901477,3.5991620111731844,1.938566552901024,1.3333333333333333,0,0.8041884816753928
0.0755336617405583,3.600558659217877,1.8976109215017063,1.3333333333333333,0,0.8013961605584639
0.0755336617405583,3.60195530726257,1.9658703071672352,1.3333333333333333,0,0.7986038394415358
0.0722495894909688,3.6033519553072626,1.9658703071672352,1.3333333333333333,0,0.7958115183246077
0.0689655172413793,3.604748603351955,1.993174061433447,1.3333333333333333,0,0.7930191972076788
0.0755336617405583,3.606145251396648,2.0204778156996586,1.3333333333333333,0,0.7902268760907507
0.0722495894909688,3.607541899441341,2.0204778156996586,1.1282051282051282,0,0.7874345549738218
0.0689655172413793,3.6089385474860336,2.034129692832765,1.3333333333333333,0,0.7846422338568937
0.0722495894909688,3.6103351955307263,2.0750853242320817,1.3333333333333333,0,0.7818499127399647
0.0788177339901477,3.611731843575418,2.1023890784982937,1.3333333333333333,0,0.7790575916230367
0.0755336617405583,3.613128491620112,2.1160409556313993,1.3333333333333333,0,0.7762652705061086
0.0755336617405583,3.614525139664804,2.143344709897611,1.3333333333333333,0,0.7734729493891797
0.0755336617405583,3.615921787709498,2.156996587030717,1.3333333333333333,0,0.7706806282722516
0.0788177339901477,3.6173184357541897,2.197952218430034,1.1282051282051282,0,0.7678883071553226
0.0755336617405583,3.618715083798883,2.197952218430034,1.2307692307692308,0,0.7650959860383946
0.0821018062397372,3.620111731843576,2.2389078498293515,1.3333333333333333,0,0.7623036649214656
0.0853858784893267,3.621508379888268,2.21160409556314,1.1282051282051282,0,0.7595113438045376
0.0788177339901477,3.622905027932961,2.2935153583617747,1.2307692307692308,0,0.7567190226876095
0.0853858784893267,3.6243016759776534,2.3071672354948807,1.1282051282051282,0,0.7539267015706805
0.0853858784893267,3.6256983240223466,2.334470989761092,1.2307692307692308,0,0.7511343804537525
0.0886699507389162,3.627094972067039,2.361774744027304,1.1282051282051282,0,0.7483420593368235
0.0886699507389162,3.628491620111732,2.361774744027304,1.1282051282051282,0,0.7455497382198955
0.0821018062397372,3.629888268156424,2.361774744027304,1.3333333333333333,0,0.7427574171029665
0.0853858784893267,3.631284916201117,2.348122866894198,1.2307692307692308,0,0.7399650959860384
0.0821018062397372,3.6326815642458103,2.361774744027304,1.1282051282051282,0,0.7371727748691104
0.0788177339901477,3.634078212290502,2.348122866894198,1.2307692307692308,0,0.7343804537521814
0.0886699507389162,3.6354748603351954,2.2935153583617747,1.2307692307692308,0,0.7315881326352534
0.0821018062397372,3.636871508379888,2.3208191126279862,1.1282051282051282,0,0.7287958115183244
0.0853858784893267,3.638268156424581,2.266211604095563,1.2307692307692308,0,0.7260034904013963
0.0821018062397372,3.6396648044692737,2.279863481228669,1.2307692307692308,0,0.7232111692844674
0.0853858784893267,3.6410614525139664,2.266211604095563,1.2307692307692308,0,0.7204188481675393
0.0853858784893267,3.6424581005586583,2.2252559726962455,1.0256410256410255,0,0.7176265270506113
0.0886699507389162,3.643854748603352,2.2525597269624575,1.2307692307692308,0,0.7148342059336823
0.0821018062397372,3.6452513966480447,2.2252559726962455,1.1282051282051282,0,0.7120418848167542
0.0821018062397372,3.6466480446927374,2.2389078498293515,1.1282051282051282,0,0.7092495636998253
0.0853858784893267,3.64804469273743,2.2389078498293515,1.2307692307692308,0,0.7064572425828972
0.0886699507389162,3.649441340782123,2.21160409556314,1.1282051282051282,0,0.7036649214659683
0.0886699507389162,3.650837988826816,2.2389078498293515,1.1282051282051282,0,0.7008726003490402
0.0919540229885057,3.652234636871508,2.2389078498293515,1.2307692307692308,0,0.6980802792321121
0.0919540229885057,3.653631284916201,2.21160409556314,0.9230769230769232,0,0.6952879581151832
0.0919540229885057,3.655027932960894,2.2389078498293515,1.0256410256410255,0,0.6924956369982551
0.0886699507389162,3.656424581005586,2.2389078498293515,0.8205128205128205,0,0.6897033158813262
0.0821018062397372,3.6578212290502794,2.2389078498293515,1.1282051282051282,0,0.6869109947643981
0.0985221674876847,3.659217877094972,2.21160409556314,1.0256410256410255,0,0.6841186736474691
0.0985221674876847,3.660614525139665,2.2389078498293515,1.0256410256410255,0,0.6813263525305411
0.0952380952380952,3.662011173184357,2.21160409556314,1.0256410256410255,0,0.6785340314136121
0.0985221674876847,3.6634078212290504,2.21160409556314,1.0256410256410255,0,0.6757417102966841
0.0985221674876847,3.6648044692737423,2.197952218430034,0.9230769230769232,0,0.672949389179756
0.0985221674876847,3.666201117318436,2.21160409556314,0.9230769230769232,0,0.670157068062827
0.1050903119868637,3.6675977653631286,2.197952218430034,0.8205128205128205,0,0.667364746945899
0.1018062397372742,3.668994413407821,2.197952218430034,0.9230769230769232,0,0.66457242582897
0.0985221674876847,3.670391061452514,2.156996587030717,1.0256410256410255,0,0.661780104712042
0.0985221674876847,3.6717877094972065,2.1706484641638224,0.9230769230769232,0,0.658987783595113
0.1050903119868637,3.673184357541899,2.156996587030717,0.8205128205128205,0,0.6561954624781849
0.1083743842364532,3.674581005586592,2.143344709897611,0.9230769230769232,0,0.6534031413612569
0.1050903119868637,3.6759776536312847,2.1296928327645053,0.9230769230769232,0,0.6506108202443279
0.1083743842364532,3.6773743016759775,2.1160409556313993,0.717948717948718,0,0.6478184991273999
0.1116584564860427,3.67877094972067,2.1023890784982937,0.9230769230769232,0,0.6450261780104709
0.1116584564860427,3.6801675977653634,2.1023890784982937,0.9230769230769232,0,0.6422338568935428
0.1116584564860427,3.681564245810056,2.0887372013651877,0.8205128205128205,0,0.6394415357766139
0.1149425287356321,3.682960893854749,2.0750853242320817,0.717948717948718,0,0.6366492146596858
0.1116584564860427,3.684357541899441,2.04778156996587,0.8205128205128205,0,0.6338568935427578
0.1182266009852216,3.685754189944134,2.0750853242320817,0.8205128205128205,0,0.6310645724258288
0.1149425287356321,3.6871508379888263,2.04778156996587,0.8205128205128205,0,0.6282722513089007
0.1116584564860427,3.688547486033519,2.04778156996587,0.8205128205128205,0,0.6254799301919718
0.1083743842364532,3.6899441340782126,1.993174061433447,0.717948717948718,0,0.6226876090750437
0.1116584564860427,3.691340782122905,2.034129692832765,0.8205128205128205,0,0.6198952879581148
0.1215106732348111,3.6927374301675977,2.006825938566553,0.6153846153846154,0,0.6171029668411867
0.1083743842364532,3.6941340782122905,1.993174061433447,0.8205128205128205,0,0.6143106457242586
0.1182266009852216,3.695530726256983,2.006825938566553,0.8205128205128205,0,0.6115183246073297
0.1215106732348111,3.696927374301676,1.993174061433447,0.6153846153846154,0,0.6087260034904016
0.1083743842364532,3.6983240223463687,1.993174061433447,0.8205128205128205,0,0.6059336823734727
0.1215106732348111,3.699720670391061,2.0204778156996586,0.8205128205128205,0,0.6031413612565446
0.1182266009852216,3.701117318435754,1.9795221843003412,0.717948717948718,0,0.6003490401396157
0.1182266009852216,3.702513966480447,2.006825938566553,0.8205128205128205,0,0.5975567190226876
0.1182266009852216,3.70391061452514,2.0204778156996586,0.5128205128205128,0,0.5947643979057595
0.1182266009852216,3.705307262569832,2.006825938566553,0.8205128205128205,0,0.5919720767888306
0.1149425287356321,3.7067039106145248,1.9522184300341296,0.6153846153846154,0,0.5891797556719025
0.1116584564860427,3.708100558659218,2.034129692832765,0.6153846153846154,0,0.5863874345549736
0.1149425287356321,3.7094972067039103,2.0204778156996586,0.9230769230769232,0,0.5835951134380455
0.1116584564860427,3.710893854748603,2.006825938566553,0.8205128205128205,0,0.5808027923211165
0.1149425287356321,3.712290502793296,2.0204778156996586,0.8205128205128205,0,0.5780104712041885
0.1116584564860427,3.713687150837989,2.006825938566553,0.8205128205128205,0,0.5752181500872604
0.1116584564860427,3.7150837988826817,2.006825938566553,0.9230769230769232,0,0.5724258289703315
0.1116584564860427,3.716480446927374,2.0204778156996586,0.6153846153846154,0,0.5696335078534034
0.1116584564860427,3.717877094972067,2.0204778156996586,0.8205128205128205,0,0.5668411867364744
0.1083743842364532,3.719273743016759,2.006825938566553,0.9230769230769232,0,0.5640488656195464
0.1050903119868637,3.7206703910614527,2.0204778156996586,0.9230769230769232,0,0.5612565445026174
0.1050903119868637,3.722067039106145,1.993174061433447,0.8205128205128205,0,0.5584642233856894
0.1050903119868637,3.7234636871508378,2.0204778156996586,0.9230769230769232,0,0.5556719022687613
0.0985221674876847,3.724860335195531,2.006825938566553,0.8205128205128205,0,0.5528795811518323
0.1050903119868637,3.7262569832402233,2.006825938566553,1.0256410256410255,0,0.5500872600349043
0.0985221674876847,3.727653631284917,2.006825938566553,0.9230769230769232,0,0.5472949389179753
0.1018062397372742,3.7290502793296088,1.993174061433447,1.0256410256410255,0,0.5445026178010473
0.0985221674876847,3.7304469273743015,2.006825938566553,1.0256410256410255,0,0.5417102966841183
0.0985221674876847,3.7318435754189943,1.993174061433447,1.0256410256410255,0,0.5389179755671902
0.0952380952380952,3.733240223463687,2.0204778156996586,1.0256410256410255,0,0.5361256544502622
0.0952380952380952,3.73463687150838,1.993174061433447,1.1282051282051282,0,0.5333333333333332
0.0919540229885057,3.736033519553073,2.0204778156996586,1.0256410256410255,0,0.5305410122164052
0.0952380952380952,3.7374301675977657,2.034129692832765,1.1282051282051282,0,0.5277486910994762
0.0886699507389162,3.738826815642458,1.993174061433447,1.0256410256410255,0,0.5249563699825481
0.0886699507389162,3.7402234636871503,2.04778156996587,1.1282051282051282,0,0.5221640488656192
0.0886699507389162,3.741620111731843,2.04778156996587,1.1282051282051282,0,0.5193717277486911
0.0886699507389162,3.743016759776536,2.0887372013651877,1.1282051282051282,0,0.516579406631763
0.0886699507389162,3.744413407821229,2.0750853242320817,1.0256410256410255,0,0.5137870855148341
0.0821018062397372,3.7458100558659218,2.0887372013651877,1.1282051282051282,0,0.510994764397906
0.0886699507389162,3.747206703910614,2.1160409556313993,1.1282051282051282,0,0.5082024432809771
0.0788177339901477,3.7486033519553073,2.0750853242320817,1.2307692307692308,0,0.505410122164049
0.0853858784893267,3.75,2.1160409556313993,1.1282051282051282,0,0.5026178010471201
0.0755336617405583,3.7513966480446927,2.1160409556313993,1.2307692307692308,0,0.499825479930192
0.0788177339901477,3.7527932960893855,2.1160409556313993,1.2307692307692308,0,0.4970331588132639
0.0755336617405583,3.754189944134078,2.1296928327645053,1.3333333333333333,0,0.494240837696335
0.0755336617405583,3.755586592178771,2.143344709897611,1.1282051282051282,0,0.4914485165794069
0.0755336617405583,3.7569832402234633,2.156996587030717,1.3333333333333333,0,0.4886561954624779
0.0689655172413793,3.758379888268157,2.1296928327645053,1.435897435897436,0,0.4858638743455499
0.0722495894909688,3.7597765363128497,2.156996587030717,1.435897435897436,0,0.4830715532286209
0.0656814449917898,3.761173184357542,2.1160409556313993,1.3333333333333333,0,0.4802792321116929
0.0656814449917898,3.7625698324022343,2.143344709897611,1.2307692307692308,0,0.4774869109947648
0.0656814449917898,3.763966480446927,2.1296928327645053,1.5384615384615383,0,0.4746945898778358
0.0623973727422003,3.76536312849162,2.1160409556313993,1.5384615384615383,0,0.4719022687609078
0.0656814449917898,3.766759776536313,2.1023890784982937,1.5384615384615383,0,0.4691099476439788
0.0591133004926108,3.7681564245810057,2.1023890784982937,1.5384615384615383,0,0.4663176265270508
0.0591133004926108,3.769553072625698,2.0887372013651877,1.641025641025641,0,0.4635253054101218
0.0558292282430213,3.770949720670391,2.1023890784982937,1.5384615384615383,0,0.4607329842931937
0.0525451559934318,3.772346368715084,2.061433447098976,1.5384615384615383,0,0.4579406631762657
0.0591133004926108,3.773743016759776,2.0887372013651877,1.5384615384615383,0,0.4551483420593367
0.0558292282430213,3.7751396648044695,2.061433447098976,1.5384615384615383,0,0.4523560209424087
0.0591133004926108,3.776536312849162,2.034129692832765,1.5384615384615383,0,0.4495636998254797
0.0558292282430213,3.7779329608938546,2.034129692832765,1.641025641025641,0,0.4467713787085516
0.0525451559934318,3.7793296089385473,2.034129692832765,1.641025641025641,0,0.4439790575916227
0.0558292282430213,3.78072625698324,2.006825938566553,1.641025641025641,0,0.4411867364746946
0.0492610837438423,3.782122905027933,2.006825938566553,1.5384615384615383,0,0.4383944153577666
0.0558292282430213,3.7835195530726256,2.006825938566553,1.7435897435897436,0,0.4356020942408376
0.0492610837438423,3.7849162011173183,1.9795221843003412,1.5384615384615383,0,0.4328097731239095
0.0525451559934318,3.786312849162011,1.9795221843003412,1.5384615384615383,0,0.4300174520069806
0.0525451559934318,3.787709497206704,1.9658703071672352,1.5384615384615383,0,0.4272251308900525
0.0525451559934318,3.789106145251397,1.9522184300341296,1.5384615384615383,0,0.4244328097731236
0.0525451559934318,3.7905027932960897,1.9522184300341296,1.641025641025641,0,0.4216404886561955
0.0558292282430213,3.791899441340782,1.938566552901024,1.5384615384615383,0,0.4188481675392674
0.0591133004926108,3.793296089385475,1.938566552901024,1.641025641025641,0,0.4160558464223385
0.0591133004926108,3.794692737430168,1.924914675767918,1.5384615384615383,0,0.4132635253054104
0.0623973727422003,3.79608938547486,1.9112627986348123,1.641025641025641,0,0.4104712041884815
0.0591133004926108,3.797486033519553,1.8976109215017063,1.5384615384615383,0,0.4076788830715534
0.0623973727422003,3.798882681564246,1.8976109215017063,1.435897435897436,0,0.4048865619546244
0.0623973727422003,3.8002793296089385,1.924914675767918,1.5384615384615383,0,0.4020942408376964
0.0656814449917898,3.801675977653631,1.9112627986348123,1.435897435897436,0,0.3993019197207674
0.0656814449917898,3.803072625698324,1.924914675767918,1.3333333333333333,0,0.3965095986038394
0.0689655172413793,3.804469273743016,1.924914675767918,1.435897435897436,0,0.3937172774869113
0.0689655172413793,3.8058659217877095,1.924914675767918,1.435897435897436,0,0.3909249563699823
0.0656814449917898,3.8072625698324023,1.9112627986348123,1.435897435897436,0,0.3881326352530543
0.0689655172413793,3.808659217877095,1.924914675767918,1.3333333333333333,0,0.3853403141361253
0.0689655172413793,3.810055865921788,1.938566552901024,1.435897435897436,0,0.3825479930191973
0.0755336617405583,3.81145251396648,1.924914675767918,1.3333333333333333,0,0.3797556719022683
0.0689655172413793,3.8128491620111737,1.924914675767918,1.3333333333333333,0,0.3769633507853402
0.0755336617405583,3.8142458100558656,1.9522184300341296,1.2307692307692308,0,0.3741710296684122
0.0689655172413793,3.815642458100559,1.924914675767918,1.3333333333333333,0,0.3713787085514832
0.0788177339901477,3.817039106145251,1.9658703071672352,1.3333333333333333,0,0.3685863874345552
0.0755336617405583,3.818435754189944,1.9658703071672352,1.2307692307692308,0,0.3657940663176262
0.0788177339901477,3.819832402234637,1.9522184300341296,1.2307692307692308,0,0.3630017452006981
0.0821018062397372,3.82122905027933,1.9795221843003412,1.3333333333333333,0,0.3602094240837692
0.0821018062397372,3.8226256983240225,1.9795221843003412,1.2307692307692308,0,0.3574171029668411
0.0755336617405583,3.824022346368715,1.993174061433447,1.1282051282051282,0,0.3546247818499131
0.0788177339901477,3.825418994413408,1.993174061433447,1.3333333333333333,0,0.3518324607329841
0.0821018062397372,3.826815642458101,2.006825938566553,1.1282051282051282,0,0.349040139616056
0.0788177339901477,3.828212290502793,1.993174061433447,1.2307692307692308,0,0.3462478184991271
0.0853858784893267,3.8296089385474863,2.034129692832765,1.2307692307692308,0,0.343455497382199
0.0821018062397372,3.8310055865921786,2.0204778156996586,1.0256410256410255,0,0.3406631762652701
0.0821018062397372,3.832402234636872,2.061433447098976,1.2307692307692308,0,0.337870855148342
0.0886699507389162,3.833798882681564,2.0887372013651877,1.2307692307692308,0,0.3350785340314139
0.0821018062397372,3.835195530726257,2.0887372013651877,1.2307692307692308,0,0.332286212914485
0.0853858784893267,3.8365921787709496,2.1296928327645053,1.0256410256410255,0,0.3294938917975569
0.0886699507389162,3.8379888268156424,2.143344709897611,1.2307692307692308,0,0.326701570680628
0.0853858784893267,3.839385474860335,2.156996587030717,1.1282051282051282,0,0.3239092495636999
0.0919540229885057,3.840782122905028,2.197952218430034,1.2307692307692308,0,0.321116928446771
0.0853858784893267,3.8421787709497206,2.1843003412969284,1.0256410256410255,0,0.3183246073298429
0.0919540229885057,3.843575418994414,2.2252559726962455,1.0256410256410255,0,0.3155322862129148
0.0919540229885057,3.844972067039106,2.266211604095563,1.1282051282051282,0,0.3127399650959859
0.0952380952380952,3.846368715083799,2.279863481228669,1.0256410256410255,0,0.3099476439790578
0.0919540229885057,3.847765363128491,2.266211604095563,1.1282051282051282,0,0.3071553228621289
0.0952380952380952,3.849162011173184,2.279863481228669,1.2307692307692308,0,0.3043630017452008
0.0853858784893267,3.850558659217877,2.279863481228669,1.1282051282051282,0,0.3015706806282718
0.0952380952380952,3.8519553072625694,2.3208191126279862,1.0256410256410255,0,0.2987783595113438
0.0952380952380952,3.8533519553072626,2.334470989761092,0.9230769230769232,0,0.2959860383944157
0.0985221674876847,3.8547486033519553,2.361774744027304,1.1282051282051282,0,0.2931937172774868
0.0952380952380952,3.856145251396648,2.361774744027304,1.0256410256410255,0,0.2904013961605587
0.0985221674876847,3.857541899441341,2.361774744027304,1.0256410256410255,0,0.2876090750436297
0.0985221674876847,3.858938547486033,2.348122866894198,1.1282051282051282,0,0.2848167539267017
0.1018062397372742,3.8603351955307263,2.348122866894198,1.0256410256410255,0,0.2820244328097727
0.1018062397372742,3.861731843575418,2.334470989761092,1.0256410256410255,0,0.2792321116928447
0.1018062397372742,3.863128491620112,2.361774744027304,1.1282051282051282,0,0.2764397905759166
0.0985221674876847,3.8645251396648046,2.361774744027304,1.0256410256410255,0,0.2736474694589876
0.1050903119868637,3.865921787709497,2.361774744027304,1.0256410256410255,0,0.2708551483420596
0.1018062397372742,3.86731843575419,2.334470989761092,1.0256410256410255,0,0.2680628272251306
0.1083743842364532,3.8687150837988824,2.348122866894198,0.8205128205128205,0,0.2652705061082026
0.1018062397372742,3.870111731843576,2.334470989761092,0.9230769230769232,0,0.2624781849912736
0.1083743842364532,3.871508379888268,2.334470989761092,0.8205128205128205,0,0.2596858638743455
0.1083743842364532,3.872905027932961,2.3071672354948807,1.0256410256410255,0,0.2568935427574175
0.1116584564860427,3.8743016759776534,2.3071672354948807,0.9230769230769232,0,0.2541012216404885
0.1116584564860427,3.875698324022346,2.2525597269624575,0.717948717948718,0,0.2513089005235605
0.1083743842364532,3.8770949720670393,2.266211604095563,0.9230769230769232,0,0.2485165794066315
0.1116584564860427,3.878491620111732,2.279863481228669,0.9230769230769232,0,0.2457242582897034
0.1182266009852216,3.879888268156425,2.2525597269624575,0.8205128205128205,0,0.2429319371727745
0.1116584564860427,3.881284916201117,2.2389078498293515,0.8205128205128205,0,0.2401396160558464
0.1215106732348111,3.88268156424581,2.21160409556314,0.717948717948718,0,0.2373472949389183
0.1149425287356321,3.884078212290502,2.2252559726962455,0.8205128205128205,0,0.2345549738219894
0.1215106732348111,3.8854748603351954,2.197952218430034,0.6153846153846154,0,0.2317626527050613
0.1215106732348111,3.886871508379888,2.156996587030717,0.8205128205128205,0,0.2289703315881324
0.1247947454844006,3.888268156424581,2.1160409556313993,0.5128205128205128,0,0.2261780104712043
0.1149425287356321,3.8896648044692737,2.1023890784982937,0.717948717948718,0,0.2233856893542753
0.1215106732348111,3.8910614525139664,2.0887372013651877,0.717948717948718,0,0.2205933682373473
0.1247947454844006,3.892458100558659,2.0887372013651877,0.717948717948718,0,0.2178010471204192
0.1215106732348111,3.893854748603352,2.034129692832765,0.717948717948718,0,0.2150087260034903
0.1247947454844006,3.8952513966480447,2.0204778156996586,0.717948717948718,0,0.2122164048865622
0.1247947454844006,3.896648044692737,2.04778156996587,0.6153846153846154,0,0.2094240837696332
0.1313628899835796,3.89804469273743,2.04778156996587,0.717948717948718,0,0.2066317626527052
0.1313628899835796,3.899441340782123,2.0204778156996586,0.4102564102564102,0,0.2038394415357762
0.1313628899835796,3.900837988826816,2.034129692832765,0.6153846153846154,0,0.2010471204188482
0.1280788177339901,3.902234636871509,2.04778156996587,0.6153846153846154,0,0.1982547993019201
0.1346469622331691,3.903631284916201,2.061433447098976,0.5128205128205128,0,0.1954624781849911
0.1247947454844006,3.905027932960894,2.034129692832765,0.717948717948718,0,0.1926701570680631
0.1313628899835796,3.906424581005586,2.0750853242320817,0.5128205128205128,0,0.1898778359511341
0.1313628899835796,3.9078212290502794,2.0887372013651877,0.5128205128205128,0,0.1870855148342061
0.1346469622331691,3.909217877094972,2.1296928327645053,0.6153846153846154,0,0.1842931937172771
0.1379310344827586,3.910614525139665,2.156996587030717,0.5128205128205128,0,0.181500872600349
0.1379310344827586,3.9120111731843576,2.156996587030717,0.5128205128205128,0,0.178708551483421
0.1379310344827586,3.91340782122905,2.1706484641638224,0.6153846153846154,0,0.175916230366492
0.1412151067323481,3.914804469273743,2.197952218430034,0.6153846153846154,0,0.173123909249564
0.1379310344827586,3.916201117318435,2.1843003412969284,0.6153846153846154,0,0.170331588132635
0.1412151067323481,3.9175977653631286,2.21160409556314,0.5128205128205128,0,0.1675392670157069
0.1346469622331691,3.918994413407821,2.2389078498293515,0.5128205128205128,0,0.164746945898778
0.1346469622331691,3.920391061452514,2.2252559726962455,0.6153846153846154,0,0.1619546247818499
0.1379310344827586,3.9217877094972065,2.21160409556314,0.5128205128205128,0,0.1591623036649219
0.1346469622331691,3.923184357541899,2.2252559726962455,0.5128205128205128,0,0.1563699825479929
0.1412151067323481,3.924581005586592,2.279863481228669,0.4102564102564102,0,0.1535776614310648
0.1313628899835796,3.9259776536312847,2.266211604095563,0.5128205128205128,0,0.1507853403141359
0.1412151067323481,3.927374301675978,2.2935153583617747,0.6153846153846154,0,0.1479930191972078
0.1412151067323481,3.92877094972067,2.279863481228669,0.5128205128205128,0,0.1452006980802789
0.1346469622331691,3.930167597765363,2.2935153583617747,0.6153846153846154,0,0.1424083769633508
0.1379310344827586,3.931564245810056,2.334470989761092,0.6153846153846154,0,0.1396160558464227
0.1412151067323481,3.932960893854749,2.3208191126279862,0.6153846153846154,0,0.1368237347294938
0.1313628899835796,3.9343575418994416,2.361774744027304,0.4102564102564102,0,0.1340314136125657
0.1412151067323481,3.935754189944134,2.3890784982935154,0.6153846153846154,0,0.1312390924956368
0.1412151067323481,3.9371508379888263,2.4027303754266214,0.6153846153846154,0,0.1284467713787087
0.1313628899835796,3.938547486033519,2.416382252559727,0.5128205128205128,0,0.1256544502617798
0.1379310344827586,3.939944134078212,2.430034129692833,0.717948717948718,0,0.1228621291448517
0.1313628899835796,3.941340782122905,2.430034129692833,0.4102564102564102,0,0.1200698080279227
0.1412151067323481,3.9427374301675977,2.47098976109215,0.6153846153846154,0,0.1172774869109947
0.1412151067323481,3.94413407821229,2.484641638225256,0.6153846153846154,0,0.1144851657940666
0.1412151067323481,3.945530726256983,2.484641638225256,0.5128205128205128,0,0.1116928446771376
0.1346469622331691,3.946927374301676,2.5119453924914676,0.717948717948718,0,0.1089005235602096
0.1379310344827586,3.9483240223463687,2.484641638225256,0.6153846153846154,0,0.1061082024432806
0.1346469622331691,3.9497206703910615,2.525597269624573,0.6153846153846154,0,0.1033158813263526
0.1346469622331691,3.951117318435754,2.539249146757679,0.5128205128205128,0,0.1005235602094236
0.1412151067323481,3.952513966480447,2.539249146757679,0.717948717948718,0,0.0977312390924955
0.1412151067323481,3.9539106145251393,2.5529010238907848,0.5128205128205128,0,0.0949389179755675
0.1444991789819376,3.955307262569832,2.539249146757679,0.6153846153846154,0,0.0921465968586385
0.1412151067323481,3.9567039106145248,2.525597269624573,0.717948717948718,0,0.0893542757417105
0.1379310344827586,3.958100558659218,2.5529010238907848,0.5128205128205128,0,0.0865619546247815
0.1346469622331691,3.9594972067039103,2.5529010238907848,0.2051282051282051,0,0.0837696335078534
0.1412151067323481,3.960893854748603,2.5529010238907848,0.717948717948718,0,0.0809773123909245
0.1379310344827586,3.962290502793296,2.539249146757679,0.5128205128205128,0,0.0781849912739964
0.1379310344827586,3.963687150837989,2.5529010238907848,0.6153846153846154,0,0.0753926701570684
0.1215106732348111,3.9650837988826817,2.539249146757679,0.6153846153846154,0,0.0726003490401394
0.1412151067323481,3.966480446927374,2.5529010238907848,0.6153846153846154,0,0.0698080279232113
0.1379310344827586,3.967877094972067,2.539249146757679,0.717948717948718,0,0.0670157068062824
0.1379310344827586,3.96927374301676,2.5529010238907848,0.5128205128205128,0,0.0642233856893543
0.1346469622331691,3.970670391061452,2.5529010238907848,0.717948717948718,0,0.0614310645724254
0.1346469622331691,3.9720670391061454,2.5119453924914676,0.6153846153846154,0,0.0586387434554973
0.1313628899835796,3.9734636871508378,2.539249146757679,0.6153846153846154,0,0.0558464223385692
0.1346469622331691,3.974860335195531,2.5119453924914676,0.6153846153846154,0,0.0530541012216403
0.1346469622331691,3.9762569832402233,2.525597269624573,0.717948717948718,0,0.0502617801047122
0.1247947454844006,3.977653631284916,2.5119453924914676,0.717948717948718,0,0.0474694589877833
0.1313628899835796,3.9790502793296088,2.4982935153583616,0.6153846153846154,0,0.0446771378708552
0.1280788177339901,3.9804469273743015,2.4573378839590445,0.8205128205128205,0,0.0418848167539263
0.1247947454844006,3.9818435754189943,2.4982935153583616,0.5128205128205128,0,0.0390924956369982
0.1280788177339901,3.983240223463687,2.4982935153583616,0.717948717948718,0,0.0363001745200701
0.1280788177339901,3.98463687150838,2.484641638225256,0.4102564102564102,0,0.0335078534031412
0.1247947454844006,3.986033519553073,2.4982935153583616,0.8205128205128205,0,0.0307155322862131
0.1247947454844006,3.9874301675977657,2.4982935153583616,0.8205128205128205,0,0.0279232111692842
0.1182266009852216,3.988826815642458,2.4982935153583616,0.717948717948718,0,0.0251308900523561
0.1280788177339901,3.9902234636871503,2.4982935153583616,0.8205128205128205,0,0.0223385689354271
0.1215106732348111,3.991620111731843,2.484641638225256,0.6153846153846154,0,0.0195462478184991
0.1280788177339901,3.993016759776536,2.484641638225256,0.6153846153846154,0,0.016753926701571
0.1247947454844006,3.994413407821229,2.484641638225256,0.8205128205128205,0,0.0139616055846421
0.1247947454844006,3.9958100558659218,2.47098976109215,0.6153846153846154,0,0.011169284467714
0.1280788177339901,3.9972067039106145,2.4573378839590445,0.8205128205128205,0,0.008376963350785
0.1280788177339901,3.9986033519553073,2.484641638225256,0.717948717948718,0,0.005584642233857
0.1313628899835796,4.0,2.484641638225256,0.8205128205128205,0,0.002792321116928
